instrument,technique,technique_family,n_samples,F1_hz,F2_hz,F3_hz,F4_hz,F5_hz,F6_hz,reliability_score,rugosity,suddenness,mean_kurtosis,mean_irregularity
Accordéon,backwards,other,73,344.5,710.6,1173.6,1787.3,2616.3,3811.4,0.467,0.0,0.0,31.344,0.003
Accordéon,bellowshake,other,1,323.0,613.7,936.7,1345.8,1862.6,2174.9,0.0,0.0,0.0,33.269,0.0
Accordéon,breath,breath_tone,2,398.4,915.2,1205.9,1582.7,2185.6,2530.2,0.498,0.288,0.0,6.114,0.0
Accordéon,combination_of_registers,other,107,366.1,807.5,1238.2,1755.0,2185.6,2960.8,0.262,0.089,0.0,16.041,0.006
Accordéon,crescendo,crescendo,76,398.4,829.0,1841.1,2217.9,2745.5,3811.4,0.2,0.0,0.0,27.092,0.004
Accordéon,crescendo_to_decrescendo,crescendo,73,366.1,893.6,1216.6,1884.2,2228.7,3649.9,0.2,0.049,0.0,18.039,0.005
Accordéon,decrescendo,crescendo,18,312.2,635.2,947.5,1507.3,1862.6,2336.4,0.548,0.0,0.0,68.164,0.001
Accordéon,difference_tones,other,1,3154.6,3499.1,3962.1,4446.6,4834.2,,0.0,0.093,0.0,15.868,0.002
Accordéon,key_click,key_click,1,376.8,796.7,1302.8,1615.0,2217.9,3348.4,0.0,0.074,1.0,16.788,0.0
Accordéon,ordinario,ordinario,689,419.9,925.9,1485.8,2088.7,2670.1,3962.1,0.2,0.0,0.0,23.176,0.005
Accordéon,sforzato,other,73,538.3,1173.6,1755.0,2228.7,3294.6,4382.0,0.2,0.1,0.0,15.517,0.005
Accordéon,staccato,staccato,75,333.8,667.5,1281.2,1884.2,2325.6,3854.4,0.2,0.0,0.5,31.703,0.005
Accordéon,tap_on_body,other,1,226.1,667.5,1098.2,,,,0.0,0.136,0.0,13.72,0.0
Tuba basse,bisbigliando,bisbigliando,36,215.3,430.7,958.2,,,,0.592,0.0,0.0,446.294,0.001
Tuba basse,blow,other,1,193.8,538.3,1173.6,1571.9,,,0.0,0.0,0.0,91.453,0.001
Tuba basse,brassy,brassy,3,290.7,592.2,882.9,1184.3,1475.0,1765.7,0.511,0.179,0.0,11.572,0.016
Tuba basse,breath,breath_tone,1,183.0,796.7,1184.3,1485.8,2024.1,4877.3,0.0,0.0,0.0,47.969,0.001
Tuba basse,buzz,buzz,4,312.2,958.2,1195.1,1259.7,1561.2,1862.6,0.384,0.136,0.0,13.719,0.003
Tuba basse,chromatic_scale,other,2,247.6,506.0,,,,,0.506,0.0,0.0,408.767,0.0
Tuba basse,crescendo,crescendo,33,226.1,452.2,872.1,1238.2,1345.8,1755.0,0.605,0.0,0.0,255.132,0.001
Tuba basse,crescendo_to_decrescendo,crescendo,33,215.3,452.2,990.5,1162.8,1324.3,1582.7,0.617,0.0,0.0,388.73,0.001
Tuba basse,decrescendo,crescendo,33,236.9,463.0,1001.3,1292.0,1851.9,1841.1,0.511,0.0,0.0,250.156,0.001
Tuba basse,discolored_fingering,other,18,193.8,635.2,1055.1,1270.5,1604.2,1711.9,0.549,0.0,0.0,115.372,0.001
Tuba basse,discolored_fingering_quartertones,other,9,183.0,613.7,1130.5,1345.8,1668.8,1970.3,0.462,0.0,0.0,211.437,0.002
Tuba basse,exploding_slap_pitched,slap,1,193.8,387.6,689.1,969.0,1528.9,,0.0,0.0,1.0,43.557,0.0
Tuba basse,exploding_slap_unpitched,slap,1,204.6,549.1,1205.9,,,,0.0,0.0,1.0,37.691,0.0
Tuba basse,filtered_by_voice,other,1,290.7,829.0,,,,,0.0,0.0,0.0,389.987,0.0
Tuba basse,flatterzunge,flutter,72,215.3,452.2,1001.3,1119.7,,,0.588,0.0,0.0,463.311,0.001
Tuba basse,flatterzunge_and_voice_unison,flutter,35,226.1,452.2,969.0,1130.5,,,0.565,0.0,0.0,543.159,0.001
Tuba basse,flatterzunge_to_ordinario,ordinario,33,215.3,463.0,990.5,1173.6,,,0.591,0.0,0.0,381.445,0.001
Tuba basse,glissando,glissando,30,215.3,430.7,742.9,1065.9,,,0.635,0.0,0.5,497.897,0.0
Tuba basse,growl,other,2,333.8,1227.4,1248.9,,,,0.417,0.0,0.0,256.924,0.0
Tuba basse,inhaled,other,1,753.7,893.6,1356.6,2013.4,2314.8,2594.8,0.0,0.0,0.0,104.238,0.0
Tuba basse,kiss,other,1,301.5,613.7,958.2,,,,0.0,0.0,0.0,32.326,0.001
Tuba basse,multiphonics,multiphonic,3,215.3,452.2,,,,,0.523,0.0,0.0,333.239,0.0
Tuba basse,ordinario,ordinario,108,226.1,452.2,979.8,1292.0,1550.4,1862.6,0.578,0.0,0.0,259.816,0.001
Tuba basse,ordinario_high_register,ordinario,15,430.7,786.0,1259.7,1658.1,1970.3,2627.1,0.566,0.0,0.0,419.277,0.002
Tuba basse,ordinario_quartertones,ordinario,35,215.3,430.7,979.8,,,,0.593,0.0,0.0,754.958,0.001
Tuba basse,ordinario_to_flatterzunge,ordinario,33,215.3,452.2,1001.3,1270.5,,,0.599,0.0,0.0,428.924,0.001
Tuba basse,pedal_tone,other,30,204.6,441.4,979.8,1270.5,1528.9,,0.627,0.0,0.0,381.265,0.0
Tuba basse,percussion_embouchure,other,1,226.1,,,,,,0.0,0.0,0.0,237.613,0.0
Tuba basse,play_and_sing_aug_forth_up,other,5,226.1,430.7,1065.9,1378.1,,,0.502,0.0,0.0,690.428,0.0
Tuba basse,play_and_sing_fifth_up,other,5,215.3,452.2,872.1,1162.8,,,0.481,0.0,0.0,662.804,0.0
Tuba basse,play_and_sing_glissando,glissando,1,226.1,,,,,,0.0,0.0,0.5,512.58,0.0
Tuba basse,play_and_sing_maj_seventh_up,other,5,236.9,495.3,1248.9,,,,0.422,0.0,0.0,684.956,0.0
Tuba basse,play_and_sing_min_second_up,other,4,301.5,441.4,882.9,,,,0.411,0.0,0.0,577.709,0.003
Tuba basse,play_and_sing_unison,other,21,236.9,452.2,969.0,1248.9,1539.6,,0.563,0.0,0.0,506.846,0.003
Tuba basse,sforzato,other,33,226.1,452.2,1012.1,1292.0,1571.9,1787.3,0.613,0.0,0.0,172.337,0.001
Tuba basse,single_tonguing,other,36,215.3,441.4,990.5,,,,0.591,0.0,0.0,633.068,0.001
Tuba basse,slap_pitched,slap,33,204.6,646.0,732.1,1001.3,1281.2,,0.623,0.0,1.0,107.268,0.001
Tuba basse,slap_unpitched,slap,9,215.3,538.3,710.6,1076.7,1270.5,,0.551,0.0,1.0,118.404,0.0
Tuba basse,speak_into_instrument,other,7,226.1,549.1,1173.6,1464.3,1841.1,2164.1,0.526,0.0,0.0,30.228,0.0
Tuba basse,staccato,staccato,66,215.3,452.2,1001.3,1281.2,1475.0,1561.2,0.617,0.0,0.5,305.879,0.001
Tuba basse,trill_major_second_up,trill,36,215.3,430.7,839.8,,,,0.582,0.0,0.0,334.849,0.001
Tuba basse,trill_minor_second_up,trill,36,215.3,430.7,850.6,,,,0.585,0.0,0.0,424.564,0.001
Tuba basse+sourdine,ordinario,ordinario,102,226.1,484.5,1012.1,1259.7,1862.6,2131.8,0.503,0.0,0.0,94.719,0.001
Basson,blow_without_reed,other,13,527.6,936.7,1227.4,1690.4,2013.4,3046.9,0.389,0.334,0.0,3.802,0.001
Basson,chromatic_scale,other,2,570.6,990.5,1205.9,1884.2,,,0.498,0.0,0.0,45.595,0.001
Basson,crescendo,crescendo,37,430.7,764.4,1130.5,1561.2,1916.5,2487.1,0.432,0.0,0.0,27.749,0.002
Basson,crescendo_to_decrescendo,crescendo,41,376.8,689.1,1141.3,1582.7,1927.2,2304.1,0.444,0.0,0.0,56.193,0.002
Basson,decrescendo,crescendo,37,419.9,775.2,1152.0,1528.9,1873.4,2745.5,0.439,0.0,0.0,25.236,0.002
Basson,flatterzunge,flutter,32,495.3,915.2,1227.4,1625.8,1894.9,2185.6,0.469,0.0,0.0,44.339,0.002
Basson,glissando_with_throat,glissando,42,527.6,947.5,1216.6,1711.9,2078.0,4317.4,0.454,0.0,0.5,68.98,0.003
Basson,harmonic_fingering,harmonics,8,409.1,742.9,1184.3,1528.9,2045.7,4554.3,0.532,0.0,0.0,44.917,0.003
Basson,key_click,key_click,19,193.8,495.3,925.9,1259.7,1625.8,2250.2,0.523,0.0,1.0,21.011,0.001
Basson,multiphonics,multiphonic,56,430.7,689.1,1195.1,1518.1,1851.9,2110.3,0.459,0.0,0.0,46.735,0.001
Basson,note_lasting,other,38,484.5,872.1,1248.9,1647.3,1948.8,2121.0,0.462,0.0,0.0,67.358,0.001
Basson,ordinario,ordinario,126,495.3,915.2,1216.6,1658.1,2002.6,2950.0,0.45,0.0,0.0,71.959,0.002
Basson,ordinario_quartertones,ordinario,119,441.4,850.6,1216.6,1658.1,2056.4,2691.7,0.445,0.0,0.0,68.951,0.002
Basson,sforzato,other,78,484.5,893.6,1248.9,1625.8,2013.4,2724.0,0.46,0.0,0.0,26.937,0.001
Basson,staccato,staccato,41,495.3,861.3,1205.9,1658.1,1970.3,2142.6,0.395,0.0,0.5,61.546,0.001
Basson,trill_major_second_up,trill,37,495.3,882.9,1216.6,1571.9,1830.3,2078.0,0.473,0.0,0.0,58.716,0.001
Basson,trill_minor_second_up,trill,39,516.8,936.7,1248.9,1582.7,2013.4,2110.3,0.476,0.0,0.0,53.969,0.002
Basson,vibrato,vibrato,41,376.8,689.1,1195.1,1561.2,1970.3,2605.5,0.42,0.0,0.0,39.061,0.003
Basson+sourdine,ordinario,ordinario,41,484.5,882.9,1248.9,1550.4,1830.3,4435.8,0.446,0.0,0.0,85.629,0.002
Clarinette en Sib,aeolian_and_ordinario,ordinario,28,279.9,850.6,1421.2,2584.0,3165.4,3671.4,0.408,0.095,0.0,15.741,0.002
Clarinette en Sib,crescendo,crescendo,41,527.6,1238.2,1755.0,2325.6,3100.8,3800.6,0.2,0.14,0.0,13.513,0.005
Clarinette en Sib,crescendo_to_decrescendo,crescendo,45,516.8,1119.7,1496.6,1927.2,2196.4,2562.5,0.2,0.0,0.0,37.528,0.005
Clarinette en Sib,decrescendo,crescendo,41,559.9,1141.3,1550.4,2357.9,2487.1,3499.1,0.2,0.003,0.0,20.344,0.005
Clarinette en Sib,flatterzunge,flutter,126,495.3,1152.0,1658.1,2131.8,2907.0,3294.6,0.2,0.0,0.0,35.749,0.005
Clarinette en Sib,flatterzunge_high_register,flutter,10,1830.3,3520.7,5221.8,5943.2,,,0.383,0.037,0.0,18.645,0.005
Clarinette en Sib,glissando,glissando,37,732.1,1464.3,2153.3,2842.4,3606.8,3628.3,0.55,0.0,0.5,37.277,0.004
Clarinette en Sib,key_click,key_click,20,269.2,656.8,1022.8,1421.2,1819.6,2960.8,0.509,0.089,1.0,16.063,0.001
Clarinette en Sib,multiphonics,multiphonic,35,312.2,775.2,1130.5,1593.5,2390.2,3046.9,0.347,0.0,0.0,56.227,0.006
Clarinette en Sib,note_lasting,other,46,592.2,1335.1,1873.4,2314.8,2950.0,3337.6,0.2,0.0,0.0,23.972,0.006
Clarinette en Sib,ordinario,ordinario,126,463.0,1130.5,1496.6,1851.9,2680.9,3273.0,0.2,0.0,0.0,50.75,0.005
Clarinette en Sib,ordinario_high_register,ordinario,10,1862.6,3714.5,5254.1,2659.4,3316.1,3671.4,0.345,0.0,0.0,37.818,0.005
Clarinette en Sib,ordinario_quartertones,ordinario,123,452.2,1055.1,1442.7,1744.2,2250.2,3176.1,0.2,0.0,0.0,50.483,0.005
Clarinette en Sib,sforzato,other,86,559.9,1205.9,1830.3,2357.9,3111.5,3542.2,0.2,0.092,0.0,15.911,0.006
Clarinette en Sib,staccato,staccato,45,527.6,1313.5,1765.7,2347.1,2788.5,3509.9,0.2,0.0,0.5,25.014,0.007
Clarinette en Sib,trill_major_second_up,trill,38,452.2,893.6,1238.2,1571.9,2045.7,3068.5,0.2,0.0,0.0,40.789,0.004
Clarinette en Sib,trill_minor_second_up,trill,40,473.7,990.5,1367.4,1668.8,2067.2,2874.7,0.2,0.0,0.0,47.174,0.004
Contrebasse,artificial_harmonic,harmonics,49,183.0,538.3,947.5,1324.3,1755.0,2680.9,0.587,0.0,0.0,28.635,0.002
Contrebasse,artificial_harmonic_tremolo,harmonics,46,161.5,516.8,915.2,1302.8,1722.7,2540.9,0.589,0.0,0.0,30.361,0.001
Contrebasse,behind_the_bridge,behind_bridge,4,764.4,1184.3,2347.1,3305.3,4059.0,5792.4,0.106,0.126,0.0,14.205,0.002
Contrebasse,chromatic_scale,other,2,172.3,484.5,818.3,1152.0,1518.1,,0.514,0.0,0.0,29.299,0.0
Contrebasse,col_legno_battuto,col_legno,55,140.0,473.7,1001.3,1388.9,1841.1,2228.7,0.441,0.0,1.0,32.44,0.001
Contrebasse,col_legno_tratto,col_legno,55,161.5,484.5,829.0,1141.3,1432.0,1959.5,0.611,0.0,1.0,63.232,0.001
Contrebasse,crescendo,crescendo,36,183.0,506.0,979.8,1270.5,1539.6,2411.7,0.601,0.086,0.0,16.183,0.002
Contrebasse,crescendo_to_decrescendo,crescendo,52,172.3,495.3,1012.1,1324.3,1615.0,2508.6,0.582,0.0,0.0,28.96,0.001
Contrebasse,crushed_to_ordinario,ordinario,48,183.0,473.7,861.3,1205.9,1518.1,1894.9,0.629,0.0,0.0,26.307,0.001
Contrebasse,decrescendo,crescendo,36,183.0,495.3,872.1,1238.2,1539.6,2110.3,0.612,0.048,0.0,18.106,0.002
Contrebasse,hit_on_body,other,5,215.3,958.2,1324.3,1561.2,,,0.495,0.0,0.0,48.117,0.001
Contrebasse,natural_harmonics_glissandi,harmonics,24,193.8,495.3,947.5,1378.1,1711.9,2648.6,0.574,0.0,0.0,48.245,0.001
Contrebasse,non_vibrato,vibrato,297,172.3,473.7,829.0,1162.8,1475.0,2239.5,0.617,0.0,0.0,40.958,0.001
Contrebasse,note_lasting,other,40,172.3,495.3,990.5,1248.9,1496.6,1894.9,0.61,0.0,0.0,33.06,0.002
Contrebasse,on_the_bridge,other,1,172.3,473.7,775.2,1162.8,1507.3,,0.0,0.124,0.0,14.292,0.0
Contrebasse,on_the_tailpiece,other,1,129.2,559.9,893.6,1528.9,2411.7,,0.0,0.169,0.0,12.067,0.001
Contrebasse,on_the_tuning_pegs,other,4,258.4,592.2,1173.6,1485.8,1776.5,2401.0,0.296,0.0,0.0,68.029,0.001
Contrebasse,ordinario,ordinario,309,172.3,473.7,807.5,1162.8,1464.3,2347.1,0.616,0.0,0.0,40.29,0.002
Contrebasse,ordinario_to_crushed,ordinario,36,183.0,484.5,882.9,1195.1,1453.5,1862.6,0.626,0.0,0.0,27.876,0.001
Contrebasse,ordinario_to_sul_ponticello,ordinario,43,172.3,484.5,925.9,1238.2,1507.3,2088.7,0.613,0.0,0.0,33.465,0.001
Contrebasse,ordinario_to_sul_tasto,ordinario,46,172.3,484.5,839.8,1184.3,1485.8,1905.7,0.594,0.0,0.0,32.344,0.001
Contrebasse,ordinario_to_tremolo,ordinario,36,183.0,484.5,958.2,1270.5,1582.7,2056.4,0.612,0.0,0.0,27.497,0.001
Contrebasse,pizzicato_bartok,pizzicato,54,204.6,624.5,1001.3,1464.3,1905.7,2325.6,0.601,0.249,1.0,8.047,0.001
Contrebasse,pizzicato_l_vib,pizzicato,165,150.7,463.0,872.1,1184.3,1485.8,1873.4,0.539,0.0,1.0,182.572,0.001
Contrebasse,pizzicato_secco,pizzicato,165,150.7,463.0,850.6,1216.6,1518.1,2261.0,0.548,0.0,1.0,154.474,0.001
Contrebasse,sforzato,other,72,183.0,473.7,872.1,1205.9,1507.3,1851.9,0.624,0.0,0.0,20.986,0.002
Contrebasse,staccato,staccato,52,172.3,463.0,872.1,1216.6,1539.6,1841.1,0.644,0.0,0.5,36.181,0.002
Contrebasse,sul_ponticello,sul_ponticello,76,183.0,473.7,839.8,1162.8,1475.0,2164.1,0.625,0.0,0.0,35.797,0.001
Contrebasse,sul_ponticello_to_ordinario,ordinario,40,183.0,506.0,915.2,1227.4,1528.9,2390.2,0.606,0.0,0.0,30.432,0.001
Contrebasse,sul_ponticello_to_sul_tasto,sul_ponticello,46,183.0,473.7,829.0,1152.0,1485.8,1851.9,0.607,0.0,0.0,24.946,0.001
Contrebasse,sul_ponticello_tremolo,sul_ponticello,75,172.3,484.5,829.0,1141.3,1464.3,2024.1,0.633,0.0,0.0,25.949,0.001
Contrebasse,sul_tasto,sul_tasto,73,172.3,473.7,807.5,1141.3,1464.3,1905.7,0.579,0.0,0.0,42.849,0.001
Contrebasse,sul_tasto_to_ordinario,ordinario,43,172.3,506.0,947.5,1238.2,1528.9,2519.4,0.591,0.0,0.0,32.735,0.001
Contrebasse,sul_tasto_to_sul_ponticello,sul_ponticello,43,172.3,495.3,893.6,1205.9,1507.3,2078.0,0.605,0.0,0.0,26.282,0.001
Contrebasse,sul_tasto_tremolo,sul_tasto,75,172.3,463.0,796.7,1152.0,1464.3,2045.7,0.596,0.0,0.0,28.374,0.001
Contrebasse,tremolo,tremolo,228,183.0,473.7,807.5,1141.3,1464.3,1873.4,0.64,0.0,0.0,29.522,0.001
Contrebasse,tremolo_to_ordinario,ordinario,36,183.0,484.5,829.0,1162.8,1550.4,1894.9,0.604,0.0,0.0,24.086,0.001
Contrebasse,trill_major_second_up,trill,54,172.3,473.7,818.3,1141.3,1453.5,2282.5,0.602,0.0,0.0,38.897,0.001
Contrebasse,trill_minor_second_up,trill,54,172.3,473.7,818.3,1141.3,1464.3,1862.6,0.608,0.0,0.0,43.892,0.001
Contrebasse+sourdine,non_vibrato,vibrato,143,172.3,473.7,839.8,1162.8,1561.2,1938.0,0.614,0.0,0.0,33.37,0.001
Contrebasse+sourdine,ordinario,ordinario,156,161.5,473.7,839.8,1130.5,1550.4,1905.7,0.612,0.0,0.0,34.375,0.002
Contrebasse+sourdine,tremolo,tremolo,52,183.0,473.7,839.8,1098.2,1539.6,2067.2,0.609,0.0,0.0,23.327,0.001
Flûte,aeolian,breath_tone,13,344.5,807.5,1130.5,1496.6,1884.2,2282.5,0.477,0.274,0.0,6.814,0.001
Flûte,aeolian_and_ordinario,ordinario,114,613.7,1087.4,1475.0,1927.2,2347.1,2777.8,0.2,0.064,0.0,17.324,0.003
Flûte,aeolian_to_ordinario,ordinario,10,786.0,1184.3,1582.7,1927.2,2433.3,3176.1,0.14,0.0,0.0,21.493,0.003
Flûte,chromatic_scale,other,2,936.7,1453.5,1970.3,2551.7,,,0.498,0.017,0.0,19.629,0.001
Flûte,crescendo,crescendo,33,624.5,1119.7,1539.6,1970.3,2530.2,3348.4,0.308,0.146,0.0,13.196,0.004
Flûte,crescendo_to_decrescendo,crescendo,37,656.8,1119.7,1539.6,2045.7,2476.3,3154.6,0.214,0.041,0.0,18.465,0.004
Flûte,decrescendo,crescendo,33,753.7,1195.1,1604.2,1981.1,2390.2,3003.9,0.236,0.152,0.0,12.905,0.004
Flûte,discolored_fingering,other,34,710.6,1141.3,1550.4,2056.4,2637.8,3746.8,0.2,0.049,0.0,18.071,0.003
Flûte,flatterzunge,flutter,116,570.6,1065.9,1518.1,1916.5,2314.8,2627.1,0.2,0.211,0.0,9.949,0.003
Flûte,flatterzunge_to_ordinario,ordinario,33,710.6,1109.0,1550.4,1938.0,2347.1,2767.0,0.213,0.114,0.0,14.786,0.003
Flûte,harmonic_fingering,harmonics,38,861.3,1410.4,1755.0,2271.8,2831.6,4015.9,0.316,0.313,0.0,4.829,0.003
Flûte,jet_whistle,other,1,2034.9,2379.4,2584.0,2950.0,3273.0,3768.3,0.0,0.221,0.0,9.427,0.0
Flûte,key_click,key_click,15,398.4,786.0,1119.7,1421.2,1830.3,2185.6,0.488,0.018,1.0,19.584,0.003
Flûte,multiphonics,multiphonic,32,430.7,872.1,1270.5,1604.2,1938.0,2476.3,0.469,0.0,0.0,20.93,0.003
Flûte,note_lasting,other,37,624.5,1065.9,1561.2,2002.6,2508.6,3326.9,0.212,0.066,0.0,17.202,0.005
Flûte,ordinario,ordinario,118,742.9,1162.8,1593.5,1981.1,2444.0,3122.3,0.2,0.01,0.0,20.027,0.004
Flûte,ordinario_quartertones,ordinario,111,689.1,1141.3,1625.8,1970.3,2293.3,2896.2,0.2,0.0,0.0,21.847,0.004
Flûte,ordinario_to_aeolian,ordinario,37,549.1,1087.4,1453.5,1970.3,2540.9,3165.4,0.276,0.044,0.0,18.303,0.004
Flûte,ordinario_to_flatterzunge,ordinario,33,742.9,1259.7,1593.5,2024.1,2465.6,2637.8,0.238,0.121,0.0,14.471,0.003
Flûte,pizzicato,pizzicato,20,398.4,710.6,1216.6,1604.2,2056.4,2788.5,0.422,0.242,1.0,8.379,0.002
Flûte,play_and_sing,other,21,376.8,786.0,1173.6,1518.1,1851.9,2261.0,0.47,0.137,0.0,13.673,0.002
Flûte,play_and_sing_unison,other,17,409.1,796.7,1195.1,1561.2,1948.8,2368.7,0.436,0.0,0.0,33.394,0.005
Flûte,sforzato,other,70,742.9,1184.3,1615.0,2002.6,2454.8,3111.5,0.242,0.167,0.0,12.146,0.005
Flûte,staccato,staccato,37,570.6,1195.1,1615.0,2067.2,2605.5,3509.9,0.2,0.127,0.5,14.171,0.006
Flûte,tongue_ram,tongue_ram,15,193.8,581.4,1216.6,1722.7,3068.5,5566.3,0.559,0.331,1.0,3.953,0.002
Flûte,trill_major_second_up,trill,34,732.1,1378.1,1744.2,1981.1,1884.2,2034.9,0.2,0.0,0.0,31.118,0.004
Flûte,trill_minor_second_up,trill,38,764.4,1442.7,1862.6,1798.0,2110.3,2142.6,0.2,0.0,0.0,29.062,0.004
Flûte,whistle_tones,other,10,150.7,463.0,1033.6,1496.6,1938.0,2519.4,0.566,0.0,0.0,21.261,0.002
Flûte,whistle_tones_sweeping,other,26,861.3,1162.8,1571.9,1959.5,2401.0,2885.4,0.192,0.0,0.0,22.11,0.002
Guitare,behind_the_frog,other,1,312.2,818.3,1302.8,2497.9,3316.1,4877.3,0.0,0.301,0.0,5.453,0.001
Guitare,bell_effect,other,3,193.8,699.8,958.2,3348.4,,,0.511,0.0,0.0,74.543,0.002
Guitare,bottleneck,other,3,204.6,506.0,979.8,1528.9,2530.2,,0.443,0.0,0.0,58.475,0.003
Guitare,chromatic_scale,other,2,204.6,646.0,979.8,,,,0.514,0.0,0.0,47.261,0.001
Guitare,dedillo,other,43,193.8,613.7,990.5,1658.1,2379.4,2508.6,0.633,0.0,0.0,30.937,0.002
Guitare,drum_effect,other,1,193.8,484.5,667.5,979.8,,,0.0,0.0,0.0,22.984,0.001
Guitare,glissando,glissando,15,193.8,602.9,1001.3,1410.4,1981.1,3574.5,0.549,0.0,0.5,33.872,0.002
Guitare,harmonic_fingering,harmonics,27,193.8,667.5,969.0,1335.1,2013.4,2034.9,0.622,0.0,0.0,81.924,0.002
Guitare,ordinario,ordinario,210,193.8,602.9,979.8,1464.3,2217.9,2939.3,0.612,0.0,0.0,105.39,0.004
Guitare,ordinario_high_register,ordinario,30,193.8,678.3,990.5,1593.5,2357.9,3596.0,0.636,0.0,0.0,26.946,0.002
Guitare,pizzicato,pizzicato,40,183.0,624.5,1012.1,1292.0,1765.7,2368.7,0.587,0.0,1.0,245.11,0.002
Guitare,pizzicato_bartok,pizzicato,41,204.6,646.0,1001.3,1356.6,2497.9,4059.0,0.62,0.324,1.0,4.285,0.002
Guitare,rasguado,other,8,204.6,549.1,850.6,1012.1,1625.8,2347.1,0.553,0.005,0.0,20.257,0.002
Guitare,scratch_with_nail,other,1,1152.0,1647.3,2390.2,2993.1,4231.3,4812.7,0.0,0.292,0.0,5.89,0.001
Guitare,slide,other,48,193.8,624.5,958.2,1324.3,1690.4,2185.6,0.603,0.0,0.0,120.211,0.004
Guitare,sul_ponticello,sul_ponticello,44,204.6,635.2,969.0,1345.8,1679.6,2756.2,0.633,0.0,0.0,76.808,0.003
Guitare,sul_tasto,sul_tasto,37,193.8,592.2,958.2,1313.5,1981.1,2982.3,0.59,0.0,0.0,153.437,0.004
Guitare,tap_on_body,other,4,204.6,656.8,1044.4,1335.1,1615.0,1938.0,0.557,0.0,0.0,294.187,0.001
Guitare,tap_with_stick,other,1,193.8,,,,,,0.0,0.0,0.0,68.28,0.002
Harpe,bisbigliando,bisbigliando,53,279.9,646.0,1184.3,1776.5,2659.4,4457.4,0.558,0.0,0.0,34.467,0.001
Harpe,bisbigliando_with_stick,bisbigliando,17,301.5,635.2,1130.5,2185.6,2691.7,3165.4,0.243,0.294,0.0,5.787,0.001
Harpe,buzzing_pedal,buzz,15,215.3,506.0,872.1,1485.8,1765.7,2401.0,0.59,0.26,0.0,7.523,0.001
Harpe,cluster,other,9,193.8,689.1,1022.8,1345.8,2034.9,2067.2,0.453,0.0,0.0,68.513,0.001
Harpe,cluster_with_nail,other,6,516.8,925.9,1453.5,1819.6,2476.3,3122.3,0.348,0.0,0.0,28.006,0.002
Harpe,damped,other,20,279.9,570.6,882.9,1399.7,2099.5,4425.1,0.521,0.0,0.0,110.497,0.003
Harpe,double_glissando,glissando,5,226.1,775.2,1270.5,1679.6,2024.1,2347.1,0.531,0.0,0.5,30.58,0.001
Harpe,glissando,glissando,6,215.3,753.7,1216.6,1518.1,1830.3,2164.1,0.538,0.0,0.5,54.323,0.001
Harpe,glissando_fluido_with_stick,glissando,4,323.0,753.7,1399.7,2131.8,2390.2,1862.6,0.094,0.0,0.5,154.395,0.003
Harpe,glissando_near_the_board,glissando,6,290.7,775.2,1205.9,1615.0,2971.6,3305.3,0.482,0.0,0.5,35.76,0.001
Harpe,glissando_with_nail,glissando,6,236.9,753.7,1195.1,1507.3,1787.3,2142.6,0.53,0.014,0.5,19.787,0.001
Harpe,glissando_with_pedal,glissando,24,290.7,656.8,1098.2,1485.8,1873.4,2648.6,0.473,0.0,0.5,51.549,0.002
Harpe,glissando_with_stick,glissando,14,269.2,646.0,1195.1,1668.8,2357.9,2939.3,0.486,0.0,0.5,133.024,0.004
Harpe,harmonic_fingering,harmonics,81,290.7,656.8,990.5,1399.7,2002.6,2799.3,0.563,0.0,0.0,60.327,0.001
Harpe,harmonic_in_wood,harmonics,11,215.3,635.2,1055.1,1765.7,2648.6,4199.0,0.492,0.0,0.0,67.509,0.001
Harpe,near_the_board,other,87,290.7,721.4,1162.8,1647.3,2207.2,3348.4,0.563,0.0,0.0,73.31,0.003
Harpe,near_the_board_with_nail,other,20,247.6,613.7,1152.0,1539.6,1873.4,3122.3,0.383,0.0,0.0,83.194,0.003
Harpe,near_the_pegs,other,81,290.7,775.2,1184.3,1862.6,2497.9,4425.1,0.448,0.0,0.0,77.47,0.002
Harpe,ordinario,ordinario,241,269.2,624.5,1033.6,1453.5,2368.7,4155.9,0.472,0.0,0.0,76.508,0.002
Harpe,pizzicato_bartok,pizzicato,79,247.6,581.4,893.6,1324.3,1658.1,2164.1,0.462,0.0,1.0,53.191,0.001
Harpe,scratch_with_nail,other,5,441.4,796.7,1324.3,1528.9,1948.8,2680.9,0.295,0.171,0.0,11.936,0.001
Harpe,tap_on_body,other,3,279.9,635.2,958.2,1324.3,1765.7,2691.7,0.47,0.0,0.0,71.862,0.001
Harpe,tap_with_stick,other,9,269.2,559.9,872.1,1184.3,1528.9,2164.1,0.549,0.0,0.0,28.488,0.001
Harpe,tremolo_with_fingertips,tremolo,1,247.6,613.7,936.7,1894.9,3994.4,4360.5,0.0,0.168,0.0,12.095,0.0
Harpe,xylophonic,other,18,269.2,602.9,904.4,1238.2,1765.7,2390.2,0.5,0.0,0.0,90.53,0.001
Cor,brassy,brassy,43,473.7,753.7,1862.6,2217.9,3143.8,3962.1,0.529,0.2,0.0,10.507,0.005
Cor,brassy_to_ordinario,ordinario,10,473.7,764.4,1679.6,2217.9,2777.8,3337.6,0.482,0.206,0.0,10.186,0.004
Cor,chromatic_scale,other,2,516.8,1259.7,,,,,0.449,0.0,0.0,156.361,0.0
Cor,crescendo,crescendo,45,463.0,742.9,1841.1,2454.8,2896.2,3789.8,0.532,0.135,0.0,13.748,0.004
Cor,crescendo_to_decrescendo,crescendo,45,409.1,732.1,1119.7,1668.8,1948.8,2314.8,0.499,0.0,0.0,145.656,0.002
Cor,decrescendo,crescendo,41,463.0,753.7,2110.3,2497.9,3488.4,4080.5,0.546,0.192,0.0,10.883,0.004
Cor,flatterzunge,flutter,111,441.4,818.3,1270.5,1636.5,1970.3,2325.6,0.479,0.0,0.0,106.897,0.002
Cor,flatterzunge_stopped,flutter,42,344.5,710.6,1130.5,2228.7,2519.4,2853.1,0.434,0.0,0.0,23.699,0.001
Cor,flatterzunge_to_ordinario,ordinario,41,441.4,850.6,1238.2,1625.8,2067.2,2379.4,0.547,0.0,0.0,111.182,0.001
Cor,note_lasting,other,46,430.7,742.9,1109.0,1668.8,1851.9,2390.2,0.521,0.0,0.0,146.004,0.002
Cor,open_to_stopped,other,24,398.4,699.8,1130.5,1744.2,2767.0,,0.481,0.0,0.0,181.527,0.001
Cor,ordinario,ordinario,134,387.6,689.1,1012.1,1378.1,1862.6,2368.7,0.475,0.0,0.0,133.541,0.002
Cor,ordinario_to_brassy,ordinario,44,463.0,764.4,1658.1,2734.7,3531.4,4823.4,0.524,0.221,0.0,9.446,0.004
Cor,ordinario_to_flatterzunge,ordinario,41,441.4,732.1,1087.4,1388.9,1830.3,,0.53,0.0,0.0,122.521,0.001
Cor,sforzato,other,86,463.0,753.7,1162.8,1808.8,2153.3,2530.2,0.546,0.0,0.0,45.589,0.003
Cor,slap_pitched,slap,44,452.2,742.9,1098.2,1808.8,1851.9,2207.2,0.507,0.0,1.0,101.943,0.002
Cor,staccato,staccato,41,463.0,732.1,1152.0,1582.7,1862.6,2217.9,0.548,0.0,0.5,85.626,0.003
Cor,stopped,other,42,355.3,689.1,1119.7,2454.8,2810.1,3488.4,0.2,0.0,0.0,22.145,0.001
Cor,stopped_to_open,other,23,430.7,732.1,1098.2,1658.1,2627.1,,0.459,0.0,0.0,199.885,0.001
Cor,trill_major_second_up,trill,16,452.2,861.3,1065.9,1302.8,,,0.45,0.0,0.0,200.226,0.003
Cor,trill_minor_second_up,trill,40,409.1,689.1,1055.1,1324.3,1388.9,,0.498,0.0,0.0,159.991,0.001
Cor+sourdine,flatterzunge,flutter,41,333.8,613.7,1001.3,1367.4,1722.7,1938.0,0.493,0.0,0.0,92.127,0.002
Cor+sourdine,ordinario,ordinario,46,344.5,613.7,947.5,1378.1,1733.4,2142.6,0.514,0.0,0.0,79.558,0.002
Hautbois,blow_without_reed,other,13,1152.0,1550.4,1991.8,2691.7,3725.2,5544.8,0.186,0.274,0.0,6.777,0.002
Hautbois,chromatic_scale,other,2,656.8,893.6,1205.9,1475.0,1755.0,2422.5,0.49,0.0,0.0,28.18,0.002
Hautbois,crescendo,crescendo,33,786.0,1324.3,1862.6,2508.6,3359.2,4403.5,0.216,0.0,0.0,27.275,0.009
Hautbois,crescendo_to_decrescendo,crescendo,33,742.9,1270.5,1668.8,2110.3,2670.1,3509.9,0.2,0.0,0.0,32.088,0.008
Hautbois,decrescendo,crescendo,33,699.8,1259.7,1765.7,2476.3,2993.1,3962.1,0.2,0.0,0.0,36.647,0.009
Hautbois,discolored_fingering,other,21,635.2,1141.3,1475.0,1830.3,2379.4,3703.7,0.288,0.0,0.0,44.189,0.004
Hautbois,double_trill_major_second_up,trill,2,1130.5,1744.2,2110.3,2314.8,3186.9,4586.6,0.086,0.0,0.0,29.228,0.005
Hautbois,double_trill_minor_second_up,trill,14,678.3,1356.6,2024.1,2024.1,2530.2,3003.9,0.194,0.0,0.0,33.943,0.006
Hautbois,flatterzunge,flutter,36,796.7,1345.8,1851.9,2627.1,3305.3,4231.3,0.2,0.0,0.0,32.839,0.01
Hautbois,harmonic_fingering,harmonics,13,882.9,1270.5,1561.2,2121.0,2993.1,3994.4,0.423,0.0,0.0,54.484,0.004
Hautbois,key_click,key_click,9,732.1,1195.1,1776.5,2153.3,2551.7,3003.9,0.177,0.332,1.0,3.904,0.001
Hautbois,kiss,other,10,678.3,1345.8,2002.6,2616.3,3208.4,4285.1,0.476,0.0,0.0,22.215,0.006
Hautbois,lip_glissando,glissando,36,829.0,1518.1,2078.0,2627.1,3445.3,4263.6,0.2,0.0,0.5,37.908,0.007
Hautbois,multiphonics,multiphonic,77,1012.1,1485.8,1981.1,2444.0,3111.5,3940.6,0.243,0.0,0.0,28.18,0.005
Hautbois,note_lasting,other,34,839.8,1388.9,1927.2,2411.7,3326.9,4618.9,0.2,0.0,0.0,30.88,0.008
Hautbois,ordinario,ordinario,107,742.9,1259.7,1679.6,2304.1,2810.1,3725.2,0.2,0.0,0.0,40.058,0.008
Hautbois,ordinario_quartertones,ordinario,102,764.4,1292.0,1755.0,2271.8,2853.1,3983.6,0.2,0.0,0.0,34.026,0.007
Hautbois,sforzato,other,66,775.2,1270.5,1668.8,2196.4,2982.3,3951.3,0.2,0.0,0.0,31.683,0.01
Hautbois,staccato,staccato,33,786.0,1248.9,1636.5,2067.2,3068.5,3768.3,0.227,0.0,0.5,26.952,0.011
Hautbois,trill_major_second_up,trill,33,667.5,1227.4,1733.4,2217.9,2777.8,3122.3,0.2,0.0,0.0,35.18,0.005
Hautbois,trill_minor_second_up,trill,34,753.7,1345.8,1884.2,2185.6,2530.2,3025.4,0.2,0.0,0.0,34.489,0.007
Hautbois,vibrato,vibrato,35,829.0,1313.5,1744.2,2239.5,3477.6,4392.8,0.2,0.0,0.0,36.632,0.008
Hautbois+sourdine,ordinario,ordinario,36,710.6,1281.2,1658.1,2002.6,2487.1,3520.7,0.2,0.0,0.0,47.164,0.007
Saxophone alto,aeolian,breath_tone,26,904.4,1313.5,1668.8,1938.0,2250.2,2745.5,0.335,0.27,0.0,6.987,0.001
Saxophone alto,backwards,other,31,538.3,1248.9,1755.0,2325.6,2734.7,3046.9,0.239,0.175,0.0,11.762,0.008
Saxophone alto,bisbigliando,bisbigliando,29,430.7,796.7,1248.9,1571.9,2174.9,2476.3,0.345,0.0,0.0,30.675,0.005
Saxophone alto,blow_without_reed,other,1,979.8,1410.4,1851.9,2368.7,2691.7,3014.6,0.0,0.25,0.0,8.005,0.0
Saxophone alto,chromatic_scale,other,2,473.7,796.7,1227.4,1528.9,2357.9,2670.1,0.352,0.0,0.0,20.74,0.001
Saxophone alto,crescendo,crescendo,31,376.8,850.6,1324.3,1733.4,2002.6,2562.5,0.337,0.032,0.0,18.889,0.005
Saxophone alto,crescendo_to_decrescendo,crescendo,31,376.8,742.9,1173.6,1550.4,2121.0,2594.8,0.362,0.0,0.0,29.64,0.006
Saxophone alto,decrescendo,crescendo,31,344.5,893.6,1313.5,1851.9,2217.9,2734.7,0.318,0.0,0.0,23.107,0.006
Saxophone alto,discolored_fingering,other,12,183.0,473.7,969.0,1227.4,2013.4,2078.0,0.561,0.0,0.0,89.75,0.001
Saxophone alto,double_tonguing,tonguing,33,355.3,710.6,1173.6,1647.3,2293.3,2584.0,0.344,0.0,0.5,28.765,0.006
Saxophone alto,exploding_slap_pitched,slap,3,559.9,1195.1,1475.0,1787.3,2088.7,2347.1,0.122,0.07,1.0,17.0,0.002
Saxophone alto,flatterzunge,flutter,33,398.4,829.0,1216.6,1884.2,2390.2,3133.1,0.291,0.033,0.0,18.854,0.004
Saxophone alto,flatterzunge_to_ordinario,ordinario,33,366.1,667.5,1098.2,1388.9,2078.0,2724.0,0.342,0.0,0.0,28.273,0.004
Saxophone alto,glissando,glissando,30,355.3,710.6,1087.4,1711.9,2045.7,2530.2,0.598,0.0,0.5,24.743,0.007
Saxophone alto,harmonic_fingering,harmonics,9,484.5,1270.5,2013.4,2282.5,2637.8,3208.4,0.134,0.0,0.0,21.414,0.001
Saxophone alto,harmonics_glissando,harmonics,1,387.6,742.9,1873.4,2142.6,2691.7,3369.9,0.0,0.28,0.5,6.518,0.001
Saxophone alto,key_click,key_click,12,258.4,559.9,915.2,1292.0,1679.6,2282.5,0.536,0.324,1.0,4.287,0.001
Saxophone alto,kiss,other,1,559.9,1076.7,1399.7,1668.8,2013.4,2271.8,0.0,0.225,0.0,9.257,0.001
Saxophone alto,move_bell_from_down_to_up,other,6,559.9,1119.7,1668.8,2217.9,2777.8,3337.6,0.117,0.0,0.0,42.349,0.006
Saxophone alto,move_bell_from_left_to_right,other,6,549.1,1119.7,1668.8,2217.9,2767.0,3326.9,0.113,0.0,0.0,32.62,0.005
Saxophone alto,multiphonics,multiphonic,47,409.1,753.7,1324.3,1819.6,2153.3,2508.6,0.366,0.0,0.0,51.459,0.014
Saxophone alto,ordinario,ordinario,99,398.4,829.0,1302.8,1798.0,2368.7,2756.2,0.303,0.0,0.0,68.155,0.005
Saxophone alto,ordinario_high_register,ordinario,42,1388.9,2357.9,3509.9,3757.5,4166.7,5006.5,0.2,0.0,0.0,41.867,0.006
Saxophone alto,ordinario_quartertones,ordinario,87,409.1,850.6,1324.3,1970.3,2422.5,2820.8,0.332,0.0,0.0,55.735,0.006
Saxophone alto,ordinario_to_flatterzunge,ordinario,31,355.3,775.2,1259.7,1733.4,2099.5,2465.6,0.26,0.0,0.0,24.776,0.004
Saxophone alto,play_and_sing_glissando,glissando,2,236.9,506.0,1927.2,,,,0.498,0.0,0.5,38.69,0.0
Saxophone alto,play_and_sing_min_second_up,other,3,215.3,538.3,893.6,1248.9,1819.6,2067.2,0.476,0.0,0.0,30.976,0.009
Saxophone alto,play_and_sing_unison,other,11,193.8,463.0,925.9,1238.2,2013.4,2325.6,0.546,0.0,0.0,46.134,0.001
Saxophone alto,sforzato,other,31,387.6,1152.0,1647.3,2078.0,2497.9,2960.8,0.321,0.167,0.0,12.134,0.006
Saxophone alto,slap_pitched,slap,46,333.8,861.3,1248.9,1690.4,2261.0,2799.3,0.417,0.017,1.0,19.665,0.002
Saxophone alto,slap_unpitched,slap,3,290.7,581.4,925.9,1238.2,1744.2,2088.7,0.466,0.096,1.0,15.701,0.001
Saxophone alto,staccato,staccato,31,624.5,1281.2,1679.6,2056.4,2357.9,2928.5,0.243,0.099,0.5,15.575,0.008
Saxophone alto,trill_major_second_up,trill,33,376.8,742.9,1259.7,1851.9,2336.4,2810.1,0.333,0.0,0.0,24.236,0.004
Saxophone alto,trill_minor_second_up,trill,32,473.7,958.2,1335.1,1916.5,2390.2,2756.2,0.291,0.0,0.0,24.195,0.005
Trombone,brassy,brassy,31,495.3,786.0,1270.5,1561.2,1862.6,2357.9,0.483,0.232,0.0,8.884,0.003
Trombone,brassy_to_ordinario,ordinario,8,484.5,786.0,1259.7,1561.2,1884.2,2637.8,0.425,0.218,0.0,9.612,0.003
Trombone,chromatic_scale,other,1,226.1,484.5,775.2,1001.3,1571.9,,0.0,0.0,0.0,47.817,0.0
Trombone,crescendo,crescendo,33,226.1,506.0,807.5,1281.2,1808.8,2174.9,0.472,0.0,0.0,23.702,0.003
Trombone,crescendo_to_decrescendo,crescendo,37,226.1,495.3,764.4,1475.0,1776.5,2121.0,0.52,0.0,0.0,155.846,0.002
Trombone,decrescendo,crescendo,33,495.3,775.2,1109.0,1399.7,1819.6,2142.6,0.457,0.14,0.0,13.527,0.004
Trombone,flatterzunge,flutter,105,236.9,516.8,786.0,1292.0,1604.2,2099.5,0.455,0.0,0.0,57.915,0.002
Trombone,flatterzunge_no_mouthpiece,flutter,4,592.2,1173.6,1755.0,2217.9,2896.2,3337.6,0.509,0.0,0.0,29.636,0.001
Trombone,flatterzunge_to_ordinario,ordinario,33,226.1,516.8,775.2,1292.0,1636.5,1970.3,0.523,0.0,0.0,111.448,0.001
Trombone,glissando,glissando,30,215.3,484.5,742.9,1270.5,1281.2,,0.637,0.0,0.5,304.131,0.0
Trombone,note_lasting,other,34,226.1,495.3,786.0,1313.5,1647.3,2099.5,0.514,0.0,0.0,114.361,0.003
Trombone,ordinario,ordinario,117,236.9,506.0,775.2,1281.2,1744.2,1970.3,0.465,0.0,0.0,91.233,0.003
Trombone,ordinario_no_mouthpiece,ordinario,10,624.5,915.2,1248.9,1636.5,1959.5,2627.1,0.504,0.0,0.0,25.363,0.002
Trombone,ordinario_to_brassy,ordinario,29,495.3,796.7,1238.2,1561.2,1851.9,2401.0,0.507,0.257,0.0,7.63,0.004
Trombone,ordinario_to_flatterzunge,ordinario,29,215.3,506.0,764.4,1302.8,1561.2,1862.6,0.551,0.0,0.0,158.185,0.001
Trombone,pedal_tone,other,22,236.9,495.3,742.9,1259.7,1550.4,2131.8,0.465,0.0,0.0,129.112,0.0
Trombone,sforzato,other,66,484.5,764.4,1076.7,1464.3,1830.3,2174.9,0.474,0.001,0.0,20.452,0.004
Trombone,slap_pitched,slap,12,193.8,506.0,764.4,1313.5,2131.8,2153.3,0.496,0.0,1.0,29.899,0.001
Trombone,staccato,staccato,37,226.1,495.3,775.2,1292.0,1862.6,2174.9,0.538,0.0,0.5,75.528,0.002
Trombone+sourdine bol,flatterzunge,flutter,31,452.2,893.6,1302.8,1679.6,2013.4,2174.9,0.346,0.0,0.0,54.496,0.003
Trombone+sourdine bol,ordinario,ordinario,31,366.1,764.4,1012.1,1335.1,1744.2,2153.3,0.347,0.0,0.0,63.414,0.003
Trombone+sourdine harmon,flatterzunge,flutter,31,161.5,441.4,1044.4,1302.8,2939.3,3219.2,0.522,0.0,0.0,27.448,0.003
Trombone+sourdine harmon,ordinario,ordinario,35,161.5,441.4,1044.4,1851.9,3046.9,3757.5,0.506,0.0,0.0,36.296,0.002
Trombone+sourdine sèche,flatterzunge,flutter,31,247.6,559.9,872.1,1313.5,1991.8,2368.7,0.499,0.0,0.0,68.138,0.002
Trombone+sourdine sèche,ordinario,ordinario,31,226.1,559.9,1238.2,1658.1,2013.4,2217.9,0.449,0.0,0.0,89.828,0.002
Trombone+sourdine wah,closed_to_open,other,31,312.2,667.5,947.5,1313.5,1647.3,2142.6,0.343,0.0,0.0,85.52,0.002
Trombone+sourdine wah,flatterzunge_closed,flutter,31,204.6,495.3,1001.3,1539.6,1884.2,2271.8,0.446,0.0,0.0,31.739,0.002
Trombone+sourdine wah,flatterzunge_open,flutter,30,247.6,538.3,904.4,1302.8,1905.7,2164.1,0.456,0.0,0.0,69.314,0.002
Trombone+sourdine wah,open_to_closed,other,31,344.5,753.7,1044.4,1302.8,2088.7,2131.8,0.308,0.0,0.0,95.624,0.002
Trombone+sourdine wah,ordinario_closed,ordinario,31,398.4,721.4,1012.1,1324.3,1593.5,2228.7,0.432,0.0,0.0,24.506,0.002
Trombone+sourdine wah,ordinario_open,ordinario,31,226.1,538.3,882.9,1270.5,1561.2,1959.5,0.459,0.0,0.0,102.068,0.003
Trompette en Ut,brassy,brassy,31,1765.7,2939.3,3768.3,4382.0,4984.9,5598.6,0.2,0.349,0.0,3.057,0.004
Trompette en Ut,brassy_to_ordinario,ordinario,7,2121.0,2831.6,3542.2,4403.5,4963.4,5480.2,0.121,0.326,0.0,4.218,0.003
Trompette en Ut,crescendo,crescendo,26,2476.3,3305.3,3929.8,4425.1,5124.9,5695.5,0.192,0.349,0.0,3.052,0.003
Trompette en Ut,crescendo_to_decrescendo,crescendo,26,624.5,1033.6,1388.9,1841.1,2207.2,2637.8,0.374,0.053,0.0,17.873,0.005
Trompette en Ut,decrescendo,crescendo,29,2637.8,3531.4,4026.7,4392.8,5049.5,5641.7,0.198,0.336,0.0,3.707,0.004
Trompette en Ut,flatterzunge,flutter,90,796.7,1313.5,1755.0,2336.4,2928.5,3509.9,0.2,0.0,0.0,25.279,0.002
Trompette en Ut,flatterzunge_to_ordinario,ordinario,22,710.6,1087.4,1432.0,1851.9,2217.9,2648.6,0.228,0.012,0.0,19.916,0.005
Trompette en Ut,glissando_embouchure,glissando,1,452.2,1033.6,1356.6,2088.7,2433.3,3122.3,0.0,0.226,0.5,9.219,0.001
Trompette en Ut,half_valve_glissando,glissando,27,753.7,1485.8,2185.6,2907.0,3639.1,4382.0,0.535,0.074,0.5,16.778,0.002
Trompette en Ut,harmonics_glissando,harmonics,9,925.9,1582.7,1938.0,2444.0,2820.8,4145.1,0.524,0.104,0.5,15.279,0.002
Trompette en Ut,increasing_intervals_legato,other,2,387.6,667.5,1012.1,1539.6,1894.9,2067.2,0.506,0.0,0.0,31.664,0.001
Trompette en Ut,note_lasting,other,33,624.5,1119.7,1593.5,1991.8,2465.6,2960.8,0.272,0.0,0.0,22.269,0.005
Trompette en Ut,ordinario,ordinario,96,786.0,1324.3,1765.7,2304.1,2928.5,3714.5,0.2,0.0,0.0,27.706,0.004
Trompette en Ut,ordinario_to_brassy,ordinario,14,1658.1,2497.9,3488.4,4188.2,4952.6,5706.3,0.158,0.352,0.0,2.921,0.003
Trompette en Ut,ordinario_to_flatterzunge,ordinario,30,775.2,1259.7,1776.5,2239.5,2788.5,3283.8,0.451,0.062,0.0,17.426,0.004
Trompette en Ut,pedal_tone,other,6,506.0,796.7,1098.2,1345.8,1711.9,2228.7,0.419,0.0,0.0,38.352,0.0
Trompette en Ut,sforzato,other,58,850.6,1378.1,1862.6,2347.1,2982.3,4317.4,0.27,0.197,0.0,10.654,0.006
Trompette en Ut,slap_pitched,slap,18,301.5,764.4,1109.0,1453.5,1884.2,2465.6,0.458,0.248,1.0,8.119,0.0
Trompette en Ut,staccato,staccato,29,839.8,1388.9,1970.3,2487.1,3111.5,3714.5,0.198,0.115,0.5,14.756,0.007
Trompette en Ut,trill_major_second_up,trill,18,398.4,742.9,1055.1,1410.4,1787.3,2185.6,0.469,0.0,0.0,31.419,0.002
Trompette en Ut,trill_minor_second_up,trill,31,538.3,969.0,1367.4,1830.3,2282.5,2401.0,0.322,0.0,0.0,27.419,0.003
Trompette en Ut,vocalize_on_harmonics,harmonics,2,376.8,689.1,1087.4,1410.4,1905.7,2217.9,0.506,0.0,0.0,25.231,0.001
Trompette en Ut+sourdine bol,flatterzunge,flutter,30,1421.2,1862.6,2390.2,3499.1,3757.5,5243.3,0.2,0.166,0.0,12.184,0.004
Trompette en Ut+sourdine bol,ordinario,ordinario,34,1442.7,1841.1,2336.4,3531.4,4715.8,5307.9,0.2,0.196,0.0,10.708,0.005
Trompette en Ut+sourdine harmon,flatterzunge,flutter,31,2110.3,2982.3,3477.6,4199.0,4737.3,5081.8,0.2,0.331,0.0,3.931,0.004
Trompette en Ut+sourdine harmon,ordinario,ordinario,34,2357.9,3305.3,3962.1,4597.3,4984.9,5587.9,0.2,0.332,0.0,3.914,0.005
Trompette en Ut+sourdine sèche,flatterzunge,flutter,31,1044.4,1593.5,1991.8,2314.8,2680.9,3273.0,0.329,0.18,0.0,11.493,0.003
Trompette en Ut+sourdine sèche,ordinario,ordinario,34,1098.2,1658.1,2217.9,2799.3,3520.7,3972.9,0.227,0.144,0.0,13.281,0.005
Trompette en Ut+sourdine wah,closed_to_open,other,33,958.2,1421.2,1862.6,2401.0,3671.4,5114.1,0.2,0.0,0.0,23.985,0.004
Trompette en Ut+sourdine wah,flatterzunge_open,flutter,30,484.5,990.5,1442.7,1765.7,2207.2,2605.5,0.276,0.0,0.0,56.292,0.004
Trompette en Ut+sourdine wah,open_to_closed,other,33,1012.1,1507.3,1862.6,2433.3,3746.8,4995.7,0.2,0.0,0.0,21.955,0.005
Trompette en Ut+sourdine wah,ordinario_closed,ordinario,33,581.4,1173.6,1808.8,2174.9,3165.4,5200.3,0.2,0.191,0.0,10.938,0.004
Trompette en Ut+sourdine wah,ordinario_open,ordinario,34,559.9,936.7,1324.3,1733.4,2110.3,2842.4,0.233,0.0,0.0,65.374,0.004
Alto,artificial_harmonic,harmonics,53,376.8,742.9,1539.6,2174.9,2907.0,3509.9,0.614,0.094,0.0,15.799,0.002
Alto,artificial_harmonic_tremolo,harmonics,54,366.1,742.9,1550.4,2217.9,2939.3,3520.7,0.582,0.105,0.0,15.249,0.002
Alto,behind_the_bridge,behind_bridge,4,355.3,1001.3,1959.5,2993.1,4328.2,4941.9,0.299,0.236,0.0,8.722,0.003
Alto,behind_the_fingerboard,other,4,710.6,1313.5,2401.0,3326.9,3789.8,4888.0,0.492,0.319,0.0,4.555,0.002
Alto,chromatic_scale,other,2,387.6,732.1,1044.4,1528.9,2121.0,3154.6,0.498,0.082,0.0,16.404,0.001
Alto,col_legno_battuto,col_legno,64,376.8,753.7,1302.8,1755.0,2217.9,3090.0,0.377,0.0,1.0,30.309,0.003
Alto,col_legno_tratto,col_legno,64,355.3,732.1,1442.7,2078.0,2433.3,3143.8,0.441,0.0,1.0,23.914,0.003
Alto,crescendo,crescendo,48,376.8,807.5,1604.2,2153.3,2745.5,3488.4,0.469,0.127,0.0,14.161,0.004
Alto,crescendo_to_decrescendo,crescendo,64,376.8,775.2,1571.9,2207.2,2820.8,3413.0,0.545,0.054,0.0,17.798,0.004
Alto,crushed_to_ordinario,ordinario,64,344.5,753.7,1098.2,1744.2,2304.1,3090.0,0.546,0.124,0.0,14.299,0.001
Alto,decrescendo,crescendo,48,387.6,872.1,1668.8,2368.7,3133.1,3865.2,0.448,0.132,0.0,13.885,0.004
Alto,hit_on_body,other,5,236.9,602.9,1055.1,1367.4,1722.7,1948.8,0.462,0.0,0.0,93.559,0.001
Alto,natural_harmonics_glissandi,harmonics,24,409.1,1464.3,1927.2,2196.4,2820.8,3143.8,0.187,0.065,0.0,17.232,0.001
Alto,non_vibrato,vibrato,297,366.1,753.7,1399.7,2110.3,2788.5,3445.3,0.511,0.025,0.0,19.238,0.003
Alto,note_lasting,other,52,387.6,786.0,1539.6,2207.2,2637.8,3359.2,0.405,0.048,0.0,18.098,0.004
Alto,on_the_bridge,other,1,366.1,710.6,1033.6,1313.5,1927.2,3133.1,0.0,0.12,0.0,14.508,0.001
Alto,on_the_frog,other,1,215.3,689.1,1022.8,1755.0,2099.5,4317.4,0.0,0.113,0.0,14.856,0.002
Alto,on_the_tuning_pegs,other,4,333.8,1076.7,1571.9,1991.8,3391.5,5060.3,0.228,0.25,0.0,8.003,0.002
Alto,ordinario,ordinario,309,376.8,829.0,1539.6,2207.2,2939.3,3477.6,0.346,0.036,0.0,18.696,0.005
Alto,ordinario_to_crushed,ordinario,48,333.8,732.1,1076.7,1905.7,2250.2,3111.5,0.598,0.133,0.0,13.849,0.001
Alto,ordinario_to_sul_ponticello,ordinario,52,376.8,742.9,1604.2,2196.4,2777.8,3337.6,0.492,0.07,0.0,17.026,0.003
Alto,ordinario_to_sul_tasto,ordinario,64,355.3,764.4,1507.3,2110.3,2853.1,3359.2,0.512,0.047,0.0,18.13,0.003
Alto,ordinario_to_tremolo,ordinario,48,376.8,829.0,1442.7,2067.2,2627.1,3176.1,0.45,0.046,0.0,18.18,0.004
Alto,pizzicato_bartok,pizzicato,57,301.5,581.4,1076.7,1528.9,2357.9,3133.1,0.466,0.136,1.0,13.682,0.003
Alto,pizzicato_l_vib,pizzicato,192,301.5,678.3,1087.4,1539.6,2153.3,3046.9,0.545,0.0,1.0,122.151,0.003
Alto,pizzicato_secco,pizzicato,156,290.7,667.5,1087.4,1528.9,2121.0,2799.3,0.539,0.0,1.0,137.295,0.004
Alto,sforzato,other,96,376.8,979.8,1593.5,2336.4,3143.8,3811.4,0.374,0.105,0.0,15.268,0.004
Alto,staccato,staccato,64,366.1,861.3,1625.8,2336.4,2820.8,3413.0,0.421,0.0,0.5,21.767,0.005
Alto,sul_ponticello,sul_ponticello,95,366.1,753.7,1496.6,2196.4,2928.5,3466.8,0.314,0.052,0.0,17.924,0.004
Alto,sul_ponticello_to_ordinario,ordinario,64,376.8,775.2,1604.2,2196.4,2950.0,3348.4,0.479,0.058,0.0,17.614,0.004
Alto,sul_ponticello_to_sul_tasto,sul_ponticello,49,376.8,807.5,1647.3,2228.7,2907.0,3337.6,0.298,0.097,0.0,15.658,0.004
Alto,sul_ponticello_tremolo,sul_ponticello,95,366.1,850.6,1539.6,2207.2,2788.5,3348.4,0.2,0.052,0.0,17.883,0.004
Alto,sul_tasto,sul_tasto,95,366.1,753.7,1324.3,2078.0,2637.8,3154.6,0.52,0.0,0.0,21.632,0.003
Alto,sul_tasto_to_ordinario,ordinario,52,376.8,742.9,1464.3,2185.6,2820.8,3305.3,0.507,0.034,0.0,18.807,0.003
Alto,sul_tasto_to_sul_ponticello,sul_ponticello,52,376.8,764.4,1528.9,2250.2,2950.0,3445.3,0.53,0.06,0.0,17.512,0.003
Alto,sul_tasto_tremolo,sul_tasto,95,366.1,753.7,1227.4,1970.3,2476.3,3143.8,0.451,0.024,0.0,19.319,0.003
Alto,tremolo,tremolo,309,366.1,775.2,1356.6,2013.4,2648.6,3273.0,0.435,0.016,0.0,19.72,0.003
Alto,tremolo_to_ordinario,ordinario,48,366.1,796.7,1453.5,2207.2,3068.5,3477.6,0.425,0.094,0.0,15.796,0.003
Alto,trill_major_second_up,trill,64,419.9,807.5,1453.5,2121.0,2799.3,3208.4,0.291,0.046,0.0,18.203,0.003
Alto,trill_minor_second_up,trill,64,409.1,882.9,1528.9,2142.6,2788.5,3165.4,0.384,0.05,0.0,17.983,0.004
Alto+sourdine,non_vibrato,vibrato,156,333.8,710.6,1076.7,1604.2,2153.3,2971.6,0.56,0.056,0.0,17.724,0.003
Alto+sourdine,ordinario,ordinario,168,344.5,721.4,1098.2,1647.3,2174.9,3143.8,0.448,0.088,0.0,16.089,0.005
Alto+sourdine,tremolo,tremolo,56,344.5,732.1,1098.2,1636.5,2196.4,3100.8,0.424,0.077,0.0,16.637,0.004
Alto+sourdine piombo,non_vibrato,vibrato,36,215.3,570.6,1076.7,1787.3,3133.1,5254.1,0.591,0.335,0.0,3.733,0.003
Alto+sourdine piombo,ordinario,ordinario,38,226.1,699.8,1248.9,2487.1,4188.2,5297.2,0.453,0.337,0.0,3.664,0.005
Alto+sourdine piombo,tremolo,tremolo,43,215.3,742.9,1173.6,2325.6,3305.3,4694.2,0.37,0.322,0.0,4.395,0.004
Violon,artificial_harmonic,harmonics,49,376.8,893.6,1625.8,2379.4,3488.4,4242.0,0.466,0.143,0.0,13.357,0.002
Violon,artificial_harmonic_tremolo,harmonics,46,366.1,925.9,1981.1,2476.3,3542.2,4274.3,0.308,0.165,0.0,12.246,0.002
Violon,behind_the_bridge,behind_bridge,7,538.3,1152.0,2239.5,3068.5,3380.7,5049.5,0.121,0.259,0.0,7.564,0.003
Violon,behind_the_fingerboard,other,1,484.5,872.1,1119.7,1765.7,3617.6,5243.3,0.0,0.342,0.0,3.381,0.002
Violon,chromatic_scale,other,2,527.6,904.4,1528.9,1916.5,2261.0,3746.8,0.506,0.183,0.0,11.327,0.001
Violon,col_legno_battuto,col_legno,63,398.4,882.9,1518.1,2131.8,2928.5,4026.7,0.282,0.082,1.0,16.419,0.003
Violon,col_legno_tratto,col_legno,61,376.8,818.3,1356.6,2110.3,2627.1,4005.2,0.561,0.113,1.0,14.838,0.003
Violon,crescendo,crescendo,44,592.2,1432.0,2368.7,3133.1,3929.8,4715.8,0.2,0.234,0.0,8.79,0.006
Violon,crescendo_to_decrescendo,crescendo,60,419.9,1022.8,2217.9,2810.1,3832.9,4575.8,0.2,0.196,0.0,10.711,0.005
Violon,crushed_to_ordinario,ordinario,54,366.1,829.0,1873.4,2347.1,3456.1,4220.5,0.219,0.22,0.0,9.491,0.002
Violon,decrescendo,crescendo,40,516.8,1496.6,2357.9,3413.0,4059.0,4931.1,0.208,0.254,0.0,7.811,0.006
Violon,hit_on_body,other,4,398.4,850.6,1335.1,1744.2,1464.3,1776.5,0.46,0.0,0.0,77.726,0.001
Violon,natural_harmonics_glissandi,harmonics,24,1550.4,2002.6,2540.9,3036.2,3402.2,4242.0,0.187,0.096,0.0,15.721,0.002
Violon,non_vibrato,vibrato,249,409.1,990.5,2228.7,3079.2,3897.5,4435.8,0.336,0.19,0.0,10.98,0.004
Violon,note_lasting,other,57,516.8,1324.3,2228.7,2960.8,3832.9,4425.1,0.2,0.18,0.0,11.485,0.005
Violon,on_the_tailpiece,other,1,366.1,710.6,1302.8,1776.5,3832.9,5630.9,0.0,0.343,0.0,3.34,0.0
Violon,on_the_tuning_pegs,other,4,430.7,861.3,1335.1,1658.1,1970.3,3585.3,0.53,0.3,0.0,5.507,0.001
Violon,ordinario,ordinario,284,506.0,1518.1,2347.1,3283.8,3908.3,4705.0,0.2,0.194,0.0,10.792,0.005
Violon,ordinario_to_crushed,ordinario,58,355.3,807.5,1507.3,2368.7,3499.1,4209.7,0.2,0.227,0.0,9.138,0.002
Violon,ordinario_to_sul_ponticello,ordinario,43,387.6,893.6,2078.0,2799.3,3714.5,4414.3,0.484,0.166,0.0,12.205,0.004
Violon,ordinario_to_sul_tasto,ordinario,55,441.4,1065.9,2228.7,2756.2,3768.3,4468.1,0.2,0.174,0.0,11.791,0.004
Violon,ordinario_to_tremolo,ordinario,46,419.9,1173.6,2164.1,2950.0,3725.2,4683.5,0.278,0.179,0.0,11.562,0.004
Violon,pizzicato_bartok,pizzicato,53,430.7,850.6,1399.7,2099.5,3197.7,4252.8,0.489,0.272,1.0,6.897,0.002
Violon,pizzicato_l_vib,pizzicato,243,409.1,850.6,1270.5,1787.3,2497.9,3542.2,0.506,0.0,1.0,43.516,0.003
Violon,pizzicato_secco,pizzicato,189,387.6,764.4,1195.1,1776.5,2390.2,3456.1,0.528,0.0,1.0,50.106,0.003
Violon,sforzato,other,100,452.2,1173.6,2217.9,2907.0,4037.5,4737.3,0.2,0.215,0.0,9.766,0.005
Violon,staccato,staccato,60,473.7,1098.2,2207.2,3122.3,3919.0,4565.0,0.2,0.157,0.5,12.643,0.005
Violon,sul_ponticello,sul_ponticello,58,387.6,936.7,2196.4,2939.3,3832.9,4360.5,0.318,0.16,0.0,12.486,0.004
Violon,sul_ponticello_to_ordinario,ordinario,46,409.1,1001.3,2347.1,2960.8,3800.6,4446.6,0.315,0.168,0.0,12.099,0.004
Violon,sul_ponticello_to_sul_tasto,sul_ponticello,37,376.8,925.9,2099.5,2810.1,3736.0,4478.9,0.499,0.178,0.0,11.578,0.004
Violon,sul_ponticello_tremolo,sul_ponticello,58,602.9,1571.9,2357.9,2950.0,3800.6,4371.2,0.2,0.16,0.0,12.526,0.004
Violon,sul_tasto,sul_tasto,50,516.8,1012.1,2164.1,2616.3,3509.9,4242.0,0.2,0.128,0.0,14.12,0.003
Violon,sul_tasto_to_ordinario,ordinario,52,430.7,1119.7,2110.3,2831.6,3854.4,4468.1,0.396,0.162,0.0,12.425,0.004
Violon,sul_tasto_to_sul_ponticello,sul_ponticello,52,398.4,947.5,2196.4,2777.8,3800.6,4435.8,0.396,0.17,0.0,11.978,0.004
Violon,tremolo,tremolo,285,495.3,1162.8,2099.5,2928.5,3746.8,4403.5,0.214,0.185,0.0,11.268,0.003
Violon,tremolo_to_ordinario,ordinario,41,495.3,1388.9,2293.3,3122.3,3876.0,4651.2,0.2,0.202,0.0,10.427,0.004
Violon,trill_major_second_up,trill,61,527.6,1119.7,2185.6,2487.1,3682.2,4295.9,0.2,0.16,0.0,12.51,0.003
Violon,trill_minor_second_up,trill,63,484.5,1270.5,2142.6,2648.6,3585.3,4274.3,0.2,0.169,0.0,12.062,0.004
Violon+sourdine,non_vibrato,vibrato,206,366.1,839.8,2304.1,3477.6,4199.0,4715.8,0.581,0.239,0.0,8.527,0.004
Violon+sourdine,ordinario,ordinario,215,366.1,882.9,2616.3,3520.7,4220.5,4769.6,0.457,0.24,0.0,8.525,0.004
Violon+sourdine,tremolo,tremolo,193,366.1,850.6,1733.4,3165.4,3972.9,4640.4,0.445,0.243,0.0,8.373,0.003
Violon+sourdine piombo,non_vibrato,vibrato,40,344.5,1313.5,2357.9,3456.1,4145.1,5544.8,0.2,0.345,0.0,3.246,0.003
Violon+sourdine piombo,ordinario,ordinario,40,344.5,1162.8,2207.2,3326.9,4177.4,5491.0,0.2,0.345,0.0,3.276,0.004
Violon+sourdine piombo,tremolo,tremolo,42,441.4,1388.9,2228.7,3122.3,4155.9,4974.2,0.2,0.339,0.0,3.546,0.003
Violoncelle,artificial_harmonic,harmonics,45,269.2,613.7,1087.4,1722.7,2067.2,2627.1,0.564,0.056,0.0,17.693,0.002
Violoncelle,artificial_harmonic_tremolo,harmonics,45,183.0,592.2,1173.6,1776.5,2045.7,2637.8,0.568,0.095,0.0,15.757,0.002
Violoncelle,behind_the_bridge,behind_bridge,4,269.2,581.4,936.7,1259.7,1798.0,2411.7,0.46,0.025,0.0,19.236,0.004
Violoncelle,chromatic_scale,other,2,204.6,753.7,1087.4,1485.8,2034.9,2067.2,0.506,0.094,0.0,15.79,0.001
Violoncelle,col_legno_battuto,col_legno,45,172.3,484.5,915.2,1313.5,1830.3,2357.9,0.578,0.0,1.0,26.619,0.001
Violoncelle,col_legno_tratto,col_legno,45,204.6,829.0,1141.3,1539.6,1981.1,2401.0,0.537,0.0,1.0,27.28,0.001
Violoncelle,crescendo,crescendo,32,226.1,613.7,1141.3,1862.6,2207.2,2562.5,0.351,0.097,0.0,15.677,0.005
Violoncelle,crescendo_to_decrescendo,crescendo,39,204.6,527.6,1087.4,1798.0,2239.5,2670.1,0.551,0.013,0.0,19.859,0.003
Violoncelle,crushed_to_ordinario,ordinario,39,204.6,473.7,1033.6,1475.0,1991.8,2605.5,0.632,0.049,0.0,18.058,0.001
Violoncelle,decrescendo,crescendo,31,258.4,656.8,1152.0,1938.0,2314.8,2648.6,0.477,0.143,0.0,13.361,0.005
Violoncelle,hit_on_body,other,5,215.3,678.3,969.0,,,,0.476,0.0,0.0,64.479,0.0
Violoncelle,natural_harmonics_glissandi,harmonics,24,258.4,549.1,1076.7,1507.3,2002.6,2433.3,0.519,0.0,0.0,22.458,0.001
Violoncelle,non_vibrato,vibrato,279,193.8,495.3,1087.4,1528.9,2078.0,2476.3,0.558,0.0,0.0,22.782,0.003
Violoncelle,note_lasting,other,35,204.6,538.3,1098.2,1539.6,2056.4,2551.7,0.353,0.019,0.0,19.558,0.004
Violoncelle,on_the_bridge,other,1,193.8,473.7,1130.5,1528.9,1841.1,2088.7,0.0,0.019,0.0,19.553,0.0
Violoncelle,on_the_frog,other,1,387.6,699.8,1227.4,1593.5,3251.5,4877.3,0.0,0.257,0.0,7.631,0.002
Violoncelle,on_the_tailpiece,other,1,269.2,602.9,872.1,1335.1,1755.0,4059.0,0.0,0.241,0.0,8.472,0.001
Violoncelle,on_the_tuning_pegs,other,4,301.5,1141.3,1464.3,1765.7,3348.4,5038.8,0.45,0.26,0.0,7.494,0.001
Violoncelle,ordinario,ordinario,291,204.6,506.0,1130.5,1841.1,2088.7,2508.6,0.22,0.0,0.0,21.256,0.004
Violoncelle,ordinario_to_crushed,ordinario,28,204.6,506.0,1141.3,1518.1,2045.7,2519.4,0.547,0.13,0.0,14.012,0.001
Violoncelle,ordinario_to_sul_ponticello,ordinario,35,204.6,516.8,1076.7,1647.3,2110.3,2465.6,0.543,0.0,0.0,20.827,0.003
Violoncelle,ordinario_to_sul_tasto,ordinario,37,215.3,678.3,1399.7,1873.4,2228.7,2605.5,0.495,0.035,0.0,18.759,0.002
Violoncelle,ordinario_to_tremolo,ordinario,32,215.3,484.5,1141.3,1755.0,2153.3,2562.5,0.452,0.073,0.0,16.87,0.003
Violoncelle,pizzicato_bartok,pizzicato,45,236.9,538.3,1012.1,1410.4,1819.6,2637.8,0.493,0.239,1.0,8.571,0.001
Violoncelle,pizzicato_l_vib,pizzicato,135,183.0,473.7,969.0,1259.7,1851.9,2508.6,0.563,0.0,1.0,142.195,0.002
Violoncelle,pizzicato_secco,pizzicato,129,183.0,484.5,969.0,1270.5,1819.6,2142.6,0.597,0.0,1.0,140.444,0.002
Violoncelle,sforzato,other,59,226.1,570.6,1130.5,1851.9,2325.6,2680.9,0.447,0.152,0.0,12.893,0.004
Violoncelle,staccato,staccato,39,204.6,506.0,1044.4,1507.3,1981.1,2497.9,0.532,0.0,0.5,23.422,0.002
Violoncelle,sul_ponticello,sul_ponticello,73,215.3,549.1,1109.0,1819.6,2088.7,2487.1,0.577,0.0,0.0,24.723,0.003
Violoncelle,sul_ponticello_to_ordinario,ordinario,35,204.6,538.3,1141.3,1765.7,2228.7,2691.7,0.541,0.017,0.0,19.65,0.003
Violoncelle,sul_ponticello_to_sul_tasto,sul_ponticello,37,204.6,495.3,1152.0,1582.7,2078.0,2476.3,0.527,0.045,0.0,18.244,0.003
Violoncelle,sul_ponticello_tremolo,sul_ponticello,73,183.0,516.8,1162.8,1808.8,2078.0,2444.0,0.229,0.032,0.0,18.917,0.003
Violoncelle,sul_tasto,sul_tasto,73,193.8,538.3,1098.2,1507.3,1938.0,2476.3,0.517,0.0,0.0,23.907,0.002
Violoncelle,sul_tasto_to_ordinario,ordinario,38,204.6,538.3,1152.0,1862.6,2314.8,2627.1,0.551,0.0,0.0,21.7,0.003
Violoncelle,sul_tasto_to_sul_ponticello,sul_ponticello,38,204.6,516.8,1098.2,1862.6,2304.1,2627.1,0.558,0.018,0.0,19.618,0.003
Violoncelle,sul_tasto_tremolo,sul_tasto,73,204.6,506.0,936.7,1184.3,1851.9,2088.7,0.422,0.0,0.0,20.687,0.002
Violoncelle,tremolo,tremolo,219,215.3,484.5,1065.9,1485.8,1884.2,2164.1,0.456,0.066,0.0,17.206,0.002
Violoncelle,tremolo_to_ordinario,ordinario,31,258.4,559.9,1087.4,1668.8,2067.2,2487.1,0.436,0.121,0.0,14.441,0.003
Violoncelle,trill_major_second_up,trill,45,204.6,506.0,1044.4,1496.6,1959.5,2347.1,0.437,0.0,0.0,22.337,0.002
Violoncelle,trill_minor_second_up,trill,45,215.3,678.3,1109.0,1518.1,1959.5,2325.6,0.446,0.0,0.0,23.259,0.002
Violoncelle+sourdine,non_vibrato,vibrato,144,193.8,506.0,1033.6,1776.5,2110.3,2939.3,0.572,0.061,0.0,17.437,0.003
Violoncelle+sourdine,ordinario,ordinario,156,204.6,538.3,1173.6,1894.9,2217.9,4091.3,0.256,0.096,0.0,15.715,0.004
Violoncelle+sourdine,tremolo,tremolo,52,215.3,516.8,1098.2,1539.6,2067.2,2939.3,0.513,0.131,0.0,13.961,0.002
Violoncelle+sourdine piombo,non_vibrato,vibrato,45,172.3,581.4,1044.4,2357.9,3940.6,5760.1,0.53,0.185,0.0,11.244,0.003
Violoncelle+sourdine piombo,ordinario,ordinario,52,172.3,732.1,1507.3,3542.2,4252.8,5738.6,0.402,0.206,0.0,10.188,0.004
Violoncelle+sourdine piombo,tremolo,tremolo,52,193.8,602.9,1044.4,1733.4,2508.6,4618.9,0.371,0.245,0.0,8.228,0.002
