instrument_A,register_A,instrument_B,register_B,F1_A_hz,F1_B_hz,delta_F1_hz,Fp_A_hz,Fp_B_hz,delta_Fp_hz,Homogeneity_H,zone
Bass_Tuba,grave,Contrabass_Tuba,grave,215,215,0,978,935,43,0.992,/u/
Bass_Tuba,grave,Contrabass_Tuba,médium,215,215,0,978,964,14,0.992,/u/
Contrabass+sordina,grave,Contrabass_Ensemble,grave,161,161,0,1149,1120,29,0.991,/u/
Contrabass+sordina,médium,Contrabass_Ensemble,grave,161,161,0,1205,1120,85,0.991,/u/
Contrabass+sordina,aigu,Contrabass_Ensemble,médium,172,172,0,1256,1170,86,0.991,/u/
Contrabass,grave,Contrabass_Ensemble,grave,161,161,0,1207,1120,87,0.991,/u/
Contrabass,médium,Contrabass_Ensemble,grave,161,161,0,1205,1120,85,0.991,/u/
Contrabass,aigu,Contrabass_Ensemble,médium,172,172,0,1252,1170,82,0.991,/u/
Violoncello_Ensemble,grave,Violoncello_Ensemble+sordina,grave,193,193,0,1155,1211,56,0.991,/u/
Violoncello_Ensemble,médium,Violoncello_Ensemble+sordina,médium,204,204,0,1211,1180,31,0.991,/u/
Violoncello_Ensemble,médium,Violoncello_Ensemble+sordina,suraigu,204,204,0,1211,1280,69,0.991,/u/
Guitar,grave,Violoncello+sordina,grave,183,183,0,1036,1225,189,0.990,/u/
Guitar,aigu,Violoncello+sordina,grave,183,183,0,1042,1225,183,0.990,/u/
Violoncello,aigu,Violoncello+sordina_piombo,suraigu,236,236,0,1253,1247,6,0.990,/u/
Bassoon,grave,Bassoon+sordina,bas_médium,506,506,0,1127,1141,14,0.988,/å/
Bassoon,aigu,Bassoon+sordina,aigu,570,570,0,1099,1079,20,0.988,/a/
Contrabass_Ensemble,aigu,Harp,médium,193,193,0,1214,1053,161,0.987,/u/
Contrabass,grave,Contrabass+sordina,grave,161,161,0,1207,1149,58,0.986,/u/
Contrabass,grave,Contrabass+sordina,médium,161,161,0,1207,1205,2,0.986,/u/
Contrabass,médium,Contrabass+sordina,grave,161,161,0,1205,1149,56,0.986,/u/
Contrabass,médium,Contrabass+sordina,médium,161,161,0,1205,1205,0,0.986,/u/
Contrabass,aigu,Contrabass+sordina,aigu,172,172,0,1252,1256,4,0.986,/u/
Bass_Tuba,médium,Harp,grave,204,204,0,1001,952,49,0.985,/u/
Horn,pédale,Violoncello,aigu,236,236,0,911,1253,342,0.982,/u/
Horn,grave,Violoncello,suraigu,419,419,0,961,1275,314,0.982,/å/
Contrabass_Flute,médium,Viola+sordina,grave,333,333,0,1128,1141,13,0.981,/o/
Horn,grave,Trombone+sordina_straight,aigu,419,419,0,961,988,27,0.981,/å/
Bass_Clarinet_Bb,médium,Trombone+sordina_harmon,médium,183,183,0,1270,1075,195,0.980,/u/
Violoncello,grave,Violoncello_Ensemble,grave,193,193,0,1149,1155,6,0.980,/u/
Violoncello,médium,Violoncello_Ensemble,grave,193,193,0,1202,1155,47,0.980,/u/
Violin+sordina,aigu,Violin_Ensemble,médium,344,344,0,1091,1225,134,0.979,/o/
Flute,grave,Violin_Ensemble,médium,344,344,0,1377,1225,152,0.979,/o/
Oboe,aigu,Oboe+sordina,aigu,904,904,0,1176,1056,120,0.978,/e/–/i/
Oboe,suraigu,Oboe+sordina,médium,1324,1324,0,1401,1364,37,0.978,/e/–/i/
Violoncello+sordina,médium,Violoncello_Ensemble+sordina,grave,193,193,0,1226,1211,15,0.977,/u/
Contrabass_Flute,grave,Trombone+sordina_harmon,grave,150,150,0,1109,1072,37,0.976,/u/
Bass_Flute,grave,Violoncello+sordina_piombo,aigu,258,258,0,1111,1170,59,0.975,/o/
Harp,aigu,Horn+sordina,grave,322,322,0,987,1099,112,0.973,/o/
Trombone+sordina_harmon,grave,Violoncello+sordina_piombo,grave,150,150,0,1072,1019,53,0.971,/u/
Trombone+sordina_straight,aigu,Violoncello,suraigu,419,419,0,988,1275,287,0.971,/å/
Violoncello,grave,Violoncello_Ensemble+sordina,grave,193,193,0,1149,1211,62,0.970,/u/
Violoncello,médium,Violoncello_Ensemble+sordina,grave,193,193,0,1202,1211,9,0.970,/u/
Violoncello+sordina,médium,Violoncello_Ensemble,grave,193,193,0,1226,1155,71,0.970,/u/
Trombone+sordina_straight,médium,Trombone+sordina_wah,médium,592,592,0,979,1082,103,0.970,/a/
Trombone+sordina_harmon,aigu,Trombone+sordina_wah,aigu,409,409,0,1105,1156,51,0.968,/å/
Bass_Tuba+sordina,grave,Violoncello_Ensemble,suraigu,462,462,0,1060,1224,164,0.968,/å/
Marimba,médium,Viola+sordina,médium,322,322,0,1025,1151,126,0.967,/o/
Horn,pédale,Violoncello+sordina_piombo,suraigu,236,236,0,911,1247,336,0.966,/u/
Contrabass_Flute,grave,Violoncello+sordina_piombo,grave,150,150,0,1109,1019,90,0.964,/u/
Viola,grave,Viola_Ensemble,aigu,366,366,0,1305,1299,6,0.962,/o/
Viola,suraigu,Viola_Ensemble,grave,355,355,0,1090,1304,214,0.962,/o/
Horn,médium,Marimba,médium,322,322,0,1006,1025,19,0.959,/o/
Marimba,grave,Violoncello+sordina_piombo,médium,161,161,0,1111,1087,24,0.958,/u/
Bassoon+sordina,grave,Horn,aigu,484,484,0,1047,1014,33,0.957,/å/
Bassoon,bas_médium,Horn+sordina,pédale,516,516,0,1152,1038,114,0.957,/å/
Violin_Ensemble,médium,Violin_Ensemble+sordina,grave,344,344,0,1225,1203,22,0.956,/o/
Violin_Ensemble,médium,Violin_Ensemble+sordina,médium,344,344,0,1225,1140,85,0.956,/o/
Violin_Ensemble,médium,Violin_Ensemble+sordina,aigu,344,344,0,1225,1022,203,0.956,/o/
Violin_Ensemble,médium,Violin_Ensemble+sordina,suraigu,344,344,0,1225,1108,117,0.956,/o/
Contrabass+sordina,suraigu,Violoncello+sordina,aigu,258,258,0,1308,1166,142,0.955,/o/
Contrabass+sordina,suraigu,Violoncello+sordina,suraigu,258,258,0,1308,1181,127,0.955,/o/
Bassoon,haut_médium,Trombone+sordina_straight,médium,592,592,0,1175,979,196,0.954,/a/
Flute,grave,Violin+sordina,aigu,344,344,0,1377,1091,286,0.954,/o/
Clarinet_Eb,médium,Flute,médium,1496,1496,0,1417,1412,5,0.953,/e/–/i/
Clarinet_Eb,médium,Flute,suraigu,1496,1496,0,1417,1424,7,0.953,/e/–/i/
Violoncello,grave,Violoncello+sordina,médium,193,193,0,1149,1226,77,0.950,/u/
Violoncello,médium,Violoncello+sordina,médium,193,193,0,1202,1226,24,0.950,/u/
Viola,aigu,Violin+sordina,grave,398,398,0,1231,1234,3,0.949,/o/
Viola,suraigu,Violin+sordina,médium,355,355,0,1090,1175,85,0.949,/o/
Trumpet_C,aigu,Violin,grave,462,462,0,1261,1208,53,0.949,/å/
Contrebasson,grave,Violoncello_Ensemble+sordina,aigu,226,226,0,1101,1244,143,0.949,/u/
Contrebasson,médium,Violoncello_Ensemble+sordina,aigu,226,226,0,1078,1244,166,0.949,/u/
Contrebasson,aigu,Violoncello_Ensemble+sordina,aigu,226,226,0,1127,1244,117,0.949,/u/
Contrabass_Clarinet_Bb,grave,Vibraphone,aigu,75,75,0,1245,1116,129,0.947,/u/
Contrabass_Clarinet_Bb,médium,Vibraphone,aigu,75,75,0,1363,1116,247,0.947,/u/
Contrabass_Ensemble,aigu,Violoncello+sordina,médium,193,193,0,1214,1226,12,0.946,/u/
Horn+sordina,médium,Vibraphone,grave,312,312,0,1161,1130,31,0.946,/o/
Flute,grave,Violin_Ensemble+sordina,grave,344,344,0,1377,1203,174,0.946,/o/
Flute,grave,Violin_Ensemble+sordina,médium,344,344,0,1377,1140,237,0.946,/o/
Flute,grave,Violin_Ensemble+sordina,aigu,344,344,0,1377,1022,355,0.946,/o/
Flute,grave,Violin_Ensemble+sordina,suraigu,344,344,0,1377,1108,269,0.946,/o/
Horn,aigu,Trombone,grave,484,484,0,1014,1007,7,0.946,/å/
Bass_Flute,médium,Viola_Ensemble,médium,312,312,0,1132,1339,207,0.946,/o/
Violoncello+sordina,aigu,Violoncello+sordina_piombo,aigu,258,258,0,1166,1170,4,0.945,/o/
Violoncello+sordina,suraigu,Violoncello+sordina_piombo,aigu,258,258,0,1181,1170,11,0.945,/o/
Harp,médium,Violoncello+sordina,médium,193,193,0,1053,1226,173,0.944,/u/
Contrabass_Tuba,grave,Guitar,médium,215,215,0,935,1002,67,0.940,/u/
Contrabass_Tuba,médium,Guitar,médium,215,215,0,964,1002,38,0.940,/u/
Clarinet_Bb,gorge,Viola_Ensemble,grave,355,355,0,1391,1304,87,0.940,/o/
Viola,médium,Viola+sordina,médium,322,322,0,1315,1151,164,0.940,/o/
Violin+sordina,aigu,Violin_Ensemble+sordina,grave,344,344,0,1091,1203,112,0.940,/o/
Violin+sordina,aigu,Violin_Ensemble+sordina,médium,344,344,0,1091,1140,49,0.940,/o/
Violin+sordina,aigu,Violin_Ensemble+sordina,aigu,344,344,0,1091,1022,69,0.940,/o/
Violin+sordina,aigu,Violin_Ensemble+sordina,suraigu,344,344,0,1091,1108,17,0.940,/o/
Bass_Tuba,grave,Guitar,médium,215,215,0,978,1002,24,0.939,/u/
Horn,médium,Viola+sordina,médium,322,322,0,1006,1151,145,0.936,/o/
Viola,grave,Violin,médium,366,366,0,1305,1111,194,0.932,/o/
Horn,médium,Horn+sordina,grave,322,322,0,1006,1099,93,0.931,/o/
Clarinet_Bb,chalumeau,Guitar,médium,215,215,0,1315,1002,313,0.929,/u/
Bass_Clarinet_Bb,médium,Violoncello+sordina,grave,183,183,0,1270,1225,45,0.927,/u/
Bassoon,haut_médium,Trombone+sordina_wah,médium,592,592,0,1175,1082,93,0.927,/a/
Contrabass_Ensemble,aigu,Violoncello_Ensemble+sordina,grave,193,193,0,1214,1211,3,0.922,/u/
Bass_Flute,médium,Vibraphone,grave,312,312,0,1132,1130,2,0.922,/o/
Bass_Clarinet_Bb,médium,Guitar,grave,183,183,0,1270,1036,234,0.922,/u/
Bass_Clarinet_Bb,médium,Guitar,aigu,183,183,0,1270,1042,228,0.922,/u/
Bass_Flute,grave,Violoncello+sordina,aigu,258,258,0,1111,1166,55,0.921,/o/
Bass_Flute,grave,Violoncello+sordina,suraigu,258,258,0,1111,1181,70,0.921,/o/
Trumpet_C,médium,Violin_Ensemble,suraigu,1152,1152,0,1306,1259,47,0.920,/e/–/i/
Trumpet_C,suraigu,Violin_Ensemble,suraigu,1152,1152,0,1334,1259,75,0.920,/e/–/i/
Trombone+sordina_harmon,médium,Violoncello+sordina,grave,183,183,0,1075,1225,150,0.920,/u/
Guitar,grave,Trombone+sordina_harmon,médium,183,183,0,1036,1075,39,0.919,/u/
Guitar,aigu,Trombone+sordina_harmon,médium,183,183,0,1042,1075,33,0.919,/u/
Contrabass_Ensemble,aigu,Violoncello_Ensemble,grave,193,193,0,1214,1155,59,0.918,/u/
Harp,grave,Violoncello_Ensemble+sordina,médium,204,204,0,952,1180,228,0.918,/u/
Harp,grave,Violoncello_Ensemble+sordina,suraigu,204,204,0,952,1280,328,0.918,/u/
Harp,médium,Violoncello_Ensemble+sordina,grave,193,193,0,1053,1211,158,0.918,/u/
Bass_Trombone,grave,Trumpet_C+sordina_wah,grave,775,775,0,1129,1116,13,0.918,/a/
Bass_Tuba+sordina,médium,Trombone+sordina_wah,grave,473,473,0,1077,1034,43,0.916,/å/
Horn+sordina,aigu,Trombone+sordina_straight,grave,538,538,0,1240,969,271,0.915,/a/
Harp,grave,Violoncello_Ensemble,médium,204,204,0,952,1211,259,0.915,/u/
Harp,médium,Violoncello_Ensemble,grave,193,193,0,1053,1155,102,0.915,/u/
Clarinet_Eb,chalumeau,Viola,médium,322,322,0,1462,1315,147,0.915,/o/
Viola_Ensemble,grave,Violin+sordina,médium,355,355,0,1304,1175,129,0.914,/o/
Trumpet_C+sordina_cup,grave,Trumpet_C+sordina_straight,suraigu,1496,1496,0,1619,1442,177,0.913,/e/–/i/
Trumpet_C+sordina_cup,médium,Trumpet_C+sordina_straight,suraigu,1496,1496,0,1617,1442,175,0.913,/e/–/i/
Trumpet_C+sordina_cup,aigu,Trumpet_C+sordina_straight,suraigu,1496,1496,0,1609,1442,167,0.913,/e/–/i/
Trumpet_C+sordina_cup,suraigu,Trumpet_C+sordina_straight,suraigu,1496,1496,0,1636,1442,194,0.913,/e/–/i/
Contrabass,suraigu,Violoncello_Ensemble,aigu,247,247,0,1275,1281,6,0.913,/u/
Trumpet_C+sordina_harmon,suraigu,Violin+sordina_piombo,grave,75,75,0,1363,1311,52,0.912,/u/
Trumpet_C+sordina_harmon,suraigu,Violin+sordina_piombo,médium,75,75,0,1363,1376,13,0.912,/u/
Trumpet_C+sordina_harmon,suraigu,Violin+sordina_piombo,aigu,75,75,0,1363,1332,31,0.912,/u/
Trumpet_C+sordina_harmon,suraigu,Violin+sordina_piombo,suraigu,75,75,0,1363,1318,45,0.912,/u/
Sax_Alto,grave,Violin+sordina,médium,355,355,0,1250,1175,75,0.911,/o/
Harp,aigu,Horn,médium,322,322,0,987,1006,19,0.908,/o/
Trombone+sordina_cup,médium,Trumpet_C+sordina_wah,suraigu,915,915,0,992,1174,182,0.904,/e/–/i/
Clarinet_Bb,gorge,Viola,suraigu,355,355,0,1391,1090,301,0.903,/o/
Marimba,médium,Viola,médium,322,322,0,1025,1315,290,0.902,/o/
Contrabass+sordina,grave,Violoncello+sordina_piombo,médium,161,161,0,1149,1087,62,0.901,/u/
Contrabass+sordina,médium,Violoncello+sordina_piombo,médium,161,161,0,1205,1087,118,0.901,/u/
Contrabass+sordina,suraigu,Violoncello+sordina_piombo,aigu,258,258,0,1308,1170,138,0.901,/o/
Trumpet_C+sordina_wah,médium,Viola_Ensemble,médium,312,312,0,1139,1339,200,0.901,/o/
Bassoon+sordina,grave,Trombone,grave,484,484,0,1047,1007,40,0.900,/å/
Bass_Tuba,médium,Violoncello_Ensemble+sordina,médium,204,204,0,1001,1180,179,0.899,/u/
Bass_Tuba,médium,Violoncello_Ensemble+sordina,suraigu,204,204,0,1001,1280,279,0.899,/u/
Contrabass_Ensemble,aigu,Violoncello,grave,193,193,0,1214,1149,65,0.899,/u/
Contrabass_Ensemble,aigu,Violoncello,médium,193,193,0,1214,1202,12,0.899,/u/
Harp,médium,Violoncello,grave,193,193,0,1053,1149,96,0.896,/u/
Harp,médium,Violoncello,médium,193,193,0,1053,1202,149,0.896,/u/
Viola_Ensemble,aigu,Violin,médium,366,366,0,1299,1111,188,0.896,/o/
Horn+sordina,grave,Marimba,médium,322,322,0,1099,1025,74,0.893,/o/
Bass_Tuba,médium,Violoncello_Ensemble,médium,204,204,0,1001,1211,210,0.893,/u/
Trombone,grave,Violin_Ensemble,grave,484,484,0,1007,1295,288,0.892,/å/
Bass_Tuba+sordina,suraigu,Viola+sordina,aigu,387,387,0,1122,1050,72,0.890,/o/
Contrabass_Ensemble,grave,Violoncello+sordina_piombo,médium,161,161,0,1120,1087,33,0.889,/u/
Contrabass,grave,Violoncello+sordina_piombo,médium,161,161,0,1207,1087,120,0.887,/u/
Contrabass,médium,Violoncello+sordina_piombo,médium,161,161,0,1205,1087,118,0.887,/u/
Bass_Clarinet_Bb,grave,Contrabass+sordina,aigu,172,172,0,1257,1256,1,0.884,/u/
Bass_Clarinet_Bb,grave,Contrabass_Ensemble,médium,172,172,0,1257,1170,87,0.877,/u/
Vibraphone,grave,Viola_Ensemble,médium,312,312,0,1130,1339,209,0.877,/o/
Horn,médium,Viola,médium,322,322,0,1006,1315,309,0.874,/o/
Harp,aigu,Marimba,médium,322,322,0,987,1025,38,0.873,/o/
Bass_Clarinet_Bb,grave,Contrabass,aigu,172,172,0,1257,1252,5,0.871,/u/
Bass_Flute,grave,Contrabass+sordina,suraigu,258,258,0,1111,1308,197,0.871,/o/
Contrabass+sordina,grave,Marimba,grave,161,161,0,1149,1111,38,0.867,/u/
Contrabass+sordina,médium,Marimba,grave,161,161,0,1205,1111,94,0.867,/u/
Viola+sordina_piombo,suraigu,Viola_Ensemble,suraigu,861,861,0,947,1135,188,0.866,/e/–/i/
Contrabass_Ensemble,grave,Marimba,grave,161,161,0,1120,1111,9,0.864,/u/
Bass_Flute,médium,Horn+sordina,médium,312,312,0,1132,1161,29,0.862,/o/
Clarinet_Bb,chalumeau,Contrabass_Tuba,grave,215,215,0,1315,935,380,0.862,/u/
Clarinet_Bb,chalumeau,Contrabass_Tuba,médium,215,215,0,1315,964,351,0.862,/u/
Sax_Alto,grave,Viola,suraigu,355,355,0,1250,1090,160,0.861,/o/
Harp,suraigu,Viola_Ensemble+sordina,aigu,301,301,0,1231,1244,13,0.858,/o/
Harp,suraigu,Viola_Ensemble+sordina,suraigu,301,301,0,1231,1061,170,0.858,/o/
Clarinet_Bb,suraigu,Violin_Ensemble,suraigu,1152,1152,0,1331,1259,72,0.857,/e/–/i/
Bass_Tuba,grave,Clarinet_Bb,chalumeau,215,215,0,978,1315,337,0.856,/u/
Contrabass,grave,Marimba,grave,161,161,0,1207,1111,96,0.855,/u/
Contrabass,médium,Marimba,grave,161,161,0,1205,1111,94,0.855,/u/
Horn+sordina,grave,Viola+sordina,médium,322,322,0,1099,1151,52,0.851,/o/
Clarinet_Eb,chalumeau,Viola+sordina,médium,322,322,0,1462,1151,311,0.848,/o/
Clarinet_Bb,gorge,Violin+sordina,médium,355,355,0,1391,1175,216,0.847,/o/
Bass_Flute,médium,Trumpet_C+sordina_wah,médium,312,312,0,1132,1139,7,0.841,/o/
Clarinet_Eb,aigu,Violin+sordina_piombo,grave,75,75,0,1465,1311,154,0.840,/u/
Clarinet_Eb,aigu,Violin+sordina_piombo,médium,75,75,0,1465,1376,89,0.840,/u/
Clarinet_Eb,aigu,Violin+sordina_piombo,aigu,75,75,0,1465,1332,133,0.840,/u/
Clarinet_Eb,aigu,Violin+sordina_piombo,suraigu,75,75,0,1465,1318,147,0.840,/u/
Bass_Tuba,aigu,Viola_Ensemble+sordina,grave,279,279,0,1016,1214,198,0.836,/o/
Harp,aigu,Viola+sordina,médium,322,322,0,987,1151,164,0.832,/o/
Clarinet_Eb,médium,Trumpet_C+sordina_straight,suraigu,1496,1496,0,1417,1442,25,0.825,/e/–/i/
Horn,aigu,Violin_Ensemble,grave,484,484,0,1014,1295,281,0.824,/å/
Sax_Alto,grave,Viola_Ensemble,grave,355,355,0,1250,1304,54,0.824,/o/
Horn+sordina,médium,Viola_Ensemble,médium,312,312,0,1161,1339,178,0.820,/o/
Viola+sordina_piombo,médium,Viola_Ensemble+sordina,médium,290,290,0,1247,1261,14,0.818,/o/
Bass_Tuba,suraigu,Contrabass_Flute,médium,333,333,0,1042,1128,86,0.817,/o/
Clarinet_Eb,aigu,Contrabass_Clarinet_Bb,grave,75,75,0,1465,1245,220,0.808,/u/
Clarinet_Eb,aigu,Contrabass_Clarinet_Bb,médium,75,75,0,1465,1363,102,0.808,/u/
Bass_Tuba,suraigu,Viola+sordina,grave,333,333,0,1042,1141,99,0.806,/o/
Trumpet_C,aigu,Trumpet_C+sordina_harmon,aigu,462,462,0,1261,1259,2,0.798,/å/
Flute,médium,Trumpet_C+sordina_straight,suraigu,1496,1496,0,1412,1442,30,0.797,/e/–/i/
Flute,suraigu,Trumpet_C+sordina_straight,suraigu,1496,1496,0,1424,1442,18,0.797,/e/–/i/
Violin,grave,Violoncello_Ensemble,suraigu,462,462,0,1208,1224,16,0.793,/å/
Horn+sordina,grave,Viola,médium,322,322,0,1099,1315,216,0.784,/o/
Bass_Clarinet_Bb,aigu,Trumpet_C,grave,1281,1281,0,1278,1259,19,0.781,/e/–/i/
Bass_Clarinet_Bb,suraigu,Trumpet_C,grave,1281,1281,0,1341,1259,82,0.781,/e/–/i/
Clarinet_Bb,suraigu,Trumpet_C,médium,1152,1152,0,1331,1306,25,0.779,/e/–/i/
Clarinet_Bb,suraigu,Trumpet_C,suraigu,1152,1152,0,1331,1334,3,0.779,/e/–/i/
Clarinet_Eb,chalumeau,Marimba,médium,322,322,0,1462,1025,437,0.778,/o/
Trumpet_C+sordina_harmon,aigu,Violin,grave,462,462,0,1259,1208,51,0.775,/å/
Viola+sordina_piombo,aigu,Violoncello_Ensemble,médium,204,204,0,1126,1211,85,0.769,/u/
Trumpet_C+sordina_wah,médium,Vibraphone,grave,312,312,0,1139,1130,9,0.767,/o/
Harp,aigu,Viola,médium,322,322,0,987,1315,328,0.767,/o/
Viola+sordina_piombo,aigu,Violoncello_Ensemble+sordina,médium,204,204,0,1126,1180,54,0.761,/u/
Viola+sordina_piombo,aigu,Violoncello_Ensemble+sordina,suraigu,204,204,0,1126,1280,154,0.761,/u/
Bassoon+sordina,grave,Violin_Ensemble,grave,484,484,0,1047,1295,248,0.761,/å/
Clarinet_Eb,chalumeau,Horn,médium,322,322,0,1462,1006,456,0.759,/o/
Bassoon,bas_médium,Violin,suraigu,516,516,0,1152,1230,78,0.758,/å/
Bassoon,aigu,Violin,aigu,570,570,0,1099,1221,122,0.758,/a/
Clarinet_Eb,aigu,Trumpet_C+sordina_harmon,suraigu,75,75,0,1465,1363,102,0.751,/u/
Clarinet_Bb,gorge,Sax_Alto,grave,355,355,0,1391,1250,141,0.751,/o/
Contrabass_Tuba,aigu,Viola,aigu,398,398,0,999,1231,232,0.749,/o/
Clarinet_Eb,médium,Trumpet_C+sordina_cup,grave,1496,1496,0,1417,1619,202,0.745,/e/–/i/
Clarinet_Eb,médium,Trumpet_C+sordina_cup,médium,1496,1496,0,1417,1617,200,0.745,/e/–/i/
Clarinet_Eb,médium,Trumpet_C+sordina_cup,aigu,1496,1496,0,1417,1609,192,0.745,/e/–/i/
Clarinet_Eb,médium,Trumpet_C+sordina_cup,suraigu,1496,1496,0,1417,1636,219,0.745,/e/–/i/
Bass_Flute,aigu,Oboe+sordina,aigu,904,904,0,1110,1056,54,0.741,/e/–/i/
Bass_Tuba+sordina,grave,Violin,grave,462,462,0,1060,1208,148,0.739,/å/
Trumpet_C,aigu,Violoncello_Ensemble,suraigu,462,462,0,1261,1224,37,0.738,/å/
Bassoon+sordina,aigu,Violin,aigu,570,570,0,1079,1221,142,0.730,/a/
Horn+sordina,médium,Trumpet_C+sordina_wah,médium,312,312,0,1161,1139,22,0.730,/o/
Clarinet_Eb,aigu,Vibraphone,aigu,75,75,0,1465,1116,349,0.729,/u/
Clarinet_Bb,clarine,Oboe+sordina,grave,1464,1464,0,1426,1359,67,0.728,/e/–/i/
Bass_Flute,aigu,Oboe,aigu,904,904,0,1110,1176,66,0.714,/e/–/i/
Flute,médium,Trumpet_C+sordina_cup,grave,1496,1496,0,1412,1619,207,0.711,/e/–/i/
Flute,médium,Trumpet_C+sordina_cup,médium,1496,1496,0,1412,1617,205,0.711,/e/–/i/
Flute,médium,Trumpet_C+sordina_cup,aigu,1496,1496,0,1412,1609,197,0.711,/e/–/i/
Flute,médium,Trumpet_C+sordina_cup,suraigu,1496,1496,0,1412,1636,224,0.711,/e/–/i/
Flute,suraigu,Trumpet_C+sordina_cup,grave,1496,1496,0,1424,1619,195,0.711,/e/–/i/
Flute,suraigu,Trumpet_C+sordina_cup,médium,1496,1496,0,1424,1617,193,0.711,/e/–/i/
Flute,suraigu,Trumpet_C+sordina_cup,aigu,1496,1496,0,1424,1609,185,0.711,/e/–/i/
Flute,suraigu,Trumpet_C+sordina_cup,suraigu,1496,1496,0,1424,1636,212,0.711,/e/–/i/
Bass_Tuba+sordina,grave,Trumpet_C,aigu,462,462,0,1060,1261,201,0.691,/å/
Horn+sordina,pédale,Violin,suraigu,516,516,0,1038,1230,192,0.689,/å/
Contrabass_Tuba,aigu,Violin+sordina,grave,398,398,0,999,1234,235,0.688,/o/
Flute,aigu,Piccolo,grave,1033,1033,0,1291,1087,204,0.680,/e/–/i/
Contrabass_Clarinet_Bb,grave,Violin+sordina_piombo,grave,75,75,0,1245,1311,66,0.679,/u/
Contrabass_Clarinet_Bb,grave,Violin+sordina_piombo,médium,75,75,0,1245,1376,131,0.679,/u/
Contrabass_Clarinet_Bb,grave,Violin+sordina_piombo,aigu,75,75,0,1245,1332,87,0.679,/u/
Contrabass_Clarinet_Bb,grave,Violin+sordina_piombo,suraigu,75,75,0,1245,1318,73,0.679,/u/
Contrabass_Clarinet_Bb,médium,Violin+sordina_piombo,grave,75,75,0,1363,1311,52,0.679,/u/
Contrabass_Clarinet_Bb,médium,Violin+sordina_piombo,médium,75,75,0,1363,1376,13,0.679,/u/
Contrabass_Clarinet_Bb,médium,Violin+sordina_piombo,aigu,75,75,0,1363,1332,31,0.679,/u/
Contrabass_Clarinet_Bb,médium,Violin+sordina_piombo,suraigu,75,75,0,1363,1318,45,0.679,/u/
Harp,grave,Viola+sordina_piombo,aigu,204,204,0,952,1126,174,0.658,/u/
Clarinet_Eb,chalumeau,Horn+sordina,grave,322,322,0,1462,1099,363,0.646,/o/
Clarinet_Eb,chalumeau,Harp,aigu,322,322,0,1462,987,475,0.644,/o/
Trombone+sordina_wah,grave,Trumpet_C+sordina_straight,aigu,473,473,0,1034,1361,327,0.644,/å/
Bass_Tuba,médium,Viola+sordina_piombo,aigu,204,204,0,1001,1126,125,0.631,/u/
Vibraphone,aigu,Violin+sordina_piombo,grave,75,75,0,1116,1311,195,0.617,/u/
Vibraphone,aigu,Violin+sordina_piombo,médium,75,75,0,1116,1376,260,0.617,/u/
Vibraphone,aigu,Violin+sordina_piombo,aigu,75,75,0,1116,1332,216,0.617,/u/
Vibraphone,aigu,Violin+sordina_piombo,suraigu,75,75,0,1116,1318,202,0.617,/u/
Trumpet_C+sordina_harmon,médium,Viola_Ensemble+sordina,aigu,301,301,0,1353,1244,109,0.613,/o/
Trumpet_C+sordina_harmon,médium,Viola_Ensemble+sordina,suraigu,301,301,0,1353,1061,292,0.613,/o/
Contrabass_Clarinet_Bb,grave,Trumpet_C+sordina_harmon,suraigu,75,75,0,1245,1363,118,0.584,/u/
Contrabass_Clarinet_Bb,médium,Trumpet_C+sordina_harmon,suraigu,75,75,0,1363,1363,0,0.584,/u/
Bass_Clarinet_Bb,médium,Trumpet_C+sordina_harmon,grave,183,183,0,1270,1287,17,0.581,/u/
Trombone+sordina_harmon,médium,Trumpet_C+sordina_harmon,grave,183,183,0,1075,1287,212,0.577,/u/
Bass_Tuba+sordina,médium,Trumpet_C+sordina_straight,aigu,473,473,0,1077,1361,284,0.566,/å/
Trumpet_C+sordina_harmon,aigu,Violoncello_Ensemble,suraigu,462,462,0,1259,1224,35,0.550,/å/
Trumpet_C+sordina_harmon,suraigu,Vibraphone,aigu,75,75,0,1363,1116,247,0.528,/u/
Trumpet_C+sordina_harmon,grave,Violoncello+sordina,grave,183,183,0,1287,1225,62,0.521,/u/
Guitar,grave,Trumpet_C+sordina_harmon,grave,183,183,0,1036,1287,251,0.493,/u/
Guitar,aigu,Trumpet_C+sordina_harmon,grave,183,183,0,1042,1287,245,0.493,/u/
Bass_Tuba+sordina,grave,Trumpet_C+sordina_harmon,aigu,462,462,0,1060,1259,199,0.480,/å/
Harp,suraigu,Trumpet_C+sordina_harmon,médium,301,301,0,1231,1353,122,0.412,/o/
Bass_Tuba+sordina,aigu,Bassoon+sordina,haut_médium,549,559,10,1080,1089,9,0.996,/a/
Guitar,grave,Violoncello+sordina,médium,183,193,10,1036,1226,190,0.990,/u/
Guitar,aigu,Violoncello+sordina,médium,183,193,10,1042,1226,184,0.990,/u/
Bassoon,bas_médium,Bassoon+sordina,bas_médium,516,506,10,1152,1141,11,0.988,/å/
Trombone,médium,Trombone+sordina_wah,médium,602,592,10,1008,1082,74,0.983,/a/
Bass_Clarinet_Bb,médium,Violoncello,grave,183,193,10,1270,1149,121,0.980,/u/
Bass_Clarinet_Bb,médium,Violoncello,médium,183,193,10,1270,1202,68,0.980,/u/
Violin,médium,Violin+sordina,suraigu,366,376,10,1111,1012,99,0.979,/o/
Viola+sordina,médium,Viola_Ensemble,médium,322,312,10,1151,1339,188,0.979,/o/
Violoncello+sordina,grave,Violoncello_Ensemble+sordina,grave,183,193,10,1225,1211,14,0.977,/u/
Harp,aigu,Horn+sordina,médium,322,312,10,987,1161,174,0.973,/o/
Bassoon+sordina,bas_médium,Horn+sordina,pédale,506,516,10,1141,1038,103,0.972,/å/
Violoncello,aigu,Violoncello_Ensemble+sordina,aigu,236,226,10,1253,1244,9,0.970,/u/
Violoncello+sordina,grave,Violoncello_Ensemble,grave,183,193,10,1225,1155,70,0.970,/u/
Trombone+sordina_straight,aigu,Trombone+sordina_wah,aigu,419,409,10,988,1156,168,0.970,/å/
Trombone+sordina_harmon,aigu,Trombone+sordina_straight,aigu,409,419,10,1105,988,117,0.968,/å/
Bass_Flute,médium,Viola+sordina,médium,312,322,10,1132,1151,19,0.968,/o/
Trombone+sordina_harmon,médium,Violoncello,grave,183,193,10,1075,1149,74,0.968,/u/
Trombone+sordina_harmon,médium,Violoncello,médium,183,193,10,1075,1202,127,0.968,/u/
Trombone+sordina_harmon,aigu,Violoncello,suraigu,409,419,10,1105,1275,170,0.968,/å/
Guitar,grave,Violoncello_Ensemble+sordina,grave,183,193,10,1036,1211,175,0.968,/u/
Guitar,aigu,Violoncello_Ensemble+sordina,grave,183,193,10,1042,1211,169,0.968,/u/
Violoncello+sordina_piombo,suraigu,Violoncello_Ensemble+sordina,aigu,236,226,10,1247,1244,3,0.967,/u/
Bass_Flute,médium,Marimba,médium,312,322,10,1132,1025,107,0.964,/o/
Guitar,grave,Violoncello_Ensemble,grave,183,193,10,1036,1155,119,0.964,/u/
Guitar,aigu,Violoncello_Ensemble,grave,183,193,10,1042,1155,113,0.964,/u/
Horn,pédale,Violoncello_Ensemble+sordina,aigu,236,226,10,911,1244,333,0.963,/u/
Horn,grave,Trombone+sordina_harmon,aigu,419,409,10,961,1105,144,0.962,/å/
Viola,médium,Viola_Ensemble,médium,322,312,10,1315,1339,24,0.962,/o/
Bass_Clarinet_Bb,médium,Violoncello_Ensemble,grave,183,193,10,1270,1155,115,0.960,/u/
Trombone,médium,Trombone+sordina_straight,médium,602,592,10,1008,979,29,0.959,/a/
Guitar,grave,Harp,médium,183,193,10,1036,1053,17,0.958,/u/
Guitar,aigu,Harp,médium,183,193,10,1042,1053,11,0.958,/u/
Bassoon,grave,Horn+sordina,pédale,506,516,10,1127,1038,89,0.957,/å/
Clarinet_Eb,chalumeau,Trumpet_C+sordina_wah,médium,322,312,10,1462,1139,323,0.953,/o/
Contrabass_Ensemble,aigu,Guitar,grave,193,183,10,1214,1036,178,0.953,/u/
Contrabass_Ensemble,aigu,Guitar,aigu,193,183,10,1214,1042,172,0.953,/u/
Violoncello,grave,Violoncello+sordina,grave,193,183,10,1149,1225,76,0.950,/u/
Violoncello,médium,Violoncello+sordina,grave,193,183,10,1202,1225,23,0.950,/u/
Horn,grave,Trombone+sordina_wah,aigu,419,409,10,961,1156,195,0.950,/å/
Viola,grave,Violin+sordina,suraigu,366,376,10,1305,1012,293,0.949,/o/
Trombone+sordina_harmon,médium,Violoncello_Ensemble,grave,183,193,10,1075,1155,80,0.949,/u/
Horn,médium,Vibraphone,grave,322,312,10,1006,1130,124,0.949,/o/
Bass_Flute,médium,Horn,médium,312,322,10,1132,1006,126,0.948,/o/
Bass_Clarinet_Bb,médium,Violoncello_Ensemble+sordina,grave,183,193,10,1270,1211,59,0.948,/u/
Contrabass_Ensemble,aigu,Violoncello+sordina,grave,193,183,10,1214,1225,11,0.946,/u/
Horn+sordina,grave,Vibraphone,grave,322,312,10,1099,1130,31,0.946,/o/
Guitar,grave,Violoncello,grave,183,193,10,1036,1149,113,0.944,/u/
Guitar,grave,Violoncello,médium,183,193,10,1036,1202,166,0.944,/u/
Guitar,aigu,Violoncello,grave,183,193,10,1042,1149,107,0.944,/u/
Guitar,aigu,Violoncello,médium,183,193,10,1042,1202,160,0.944,/u/
Harp,médium,Violoncello+sordina,grave,193,183,10,1053,1225,172,0.944,/u/
Trombone+sordina_harmon,médium,Violoncello_Ensemble+sordina,grave,183,193,10,1075,1211,136,0.942,/u/
Trombone+sordina_wah,aigu,Violoncello,suraigu,409,419,10,1156,1275,119,0.940,/å/
Marimba,médium,Viola_Ensemble,médium,322,312,10,1025,1339,314,0.939,/o/
Trumpet_C+sordina_wah,médium,Viola,médium,312,322,10,1139,1315,176,0.939,/o/
Harp,aigu,Vibraphone,grave,322,312,10,987,1130,143,0.932,/o/
Horn,médium,Horn+sordina,médium,322,312,10,1006,1161,155,0.931,/o/
Contrebasson,grave,Horn,pédale,226,236,10,1101,911,190,0.929,/u/
Contrebasson,médium,Horn,pédale,226,236,10,1078,911,167,0.929,/u/
Contrebasson,aigu,Horn,pédale,226,236,10,1127,911,216,0.929,/u/
Bass_Clarinet_Bb,médium,Violoncello+sordina,médium,183,193,10,1270,1226,44,0.927,/u/
Contrebasson,grave,Violoncello,aigu,226,236,10,1101,1253,152,0.924,/u/
Contrebasson,médium,Violoncello,aigu,226,236,10,1078,1253,175,0.924,/u/
Contrebasson,aigu,Violoncello,aigu,226,236,10,1127,1253,126,0.924,/u/
Oboe+sordina,suraigu,Trumpet_C+sordina_straight,grave,1345,1335,10,1412,1381,31,0.922,/e/–/i/
Marimba,médium,Vibraphone,grave,322,312,10,1025,1130,105,0.921,/o/
Trombone+sordina_harmon,médium,Violoncello+sordina,médium,183,193,10,1075,1226,151,0.920,/u/
Bassoon,haut_médium,Trombone,médium,592,602,10,1175,1008,167,0.918,/a/
Viola_Ensemble,aigu,Violin+sordina,suraigu,366,376,10,1299,1012,287,0.914,/o/
Contrebasson,grave,Violoncello+sordina_piombo,suraigu,226,236,10,1101,1247,146,0.913,/u/
Contrebasson,médium,Violoncello+sordina_piombo,suraigu,226,236,10,1078,1247,169,0.913,/u/
Contrebasson,aigu,Violoncello+sordina_piombo,suraigu,226,236,10,1127,1247,120,0.913,/u/
Horn,médium,Viola_Ensemble,médium,322,312,10,1006,1339,333,0.911,/o/
Bass_Flute,médium,Viola,médium,312,322,10,1132,1315,183,0.905,/o/
Trombone+sordina_cup,médium,Trumpet_C+sordina_wah,aigu,915,925,10,992,1035,43,0.904,/e/–/i/
Vibraphone,grave,Viola+sordina,médium,312,322,10,1130,1151,21,0.900,/o/
Horn+sordina,médium,Marimba,médium,312,322,10,1161,1025,136,0.893,/o/
Trumpet_C+sordina_wah,médium,Viola+sordina,médium,312,322,10,1139,1151,12,0.880,/o/
Clarinet_Eb,chalumeau,Viola_Ensemble,médium,322,312,10,1462,1339,123,0.878,/o/
Bass_Clarinet_Bb,médium,Contrabass_Ensemble,aigu,183,193,10,1270,1214,56,0.877,/u/
Harp,médium,Trombone+sordina_harmon,médium,193,183,10,1053,1075,22,0.876,/u/
Bass_Clarinet_Bb,médium,Harp,médium,183,193,10,1270,1053,217,0.873,/u/
Contrabass_Ensemble,aigu,Trombone+sordina_harmon,médium,193,183,10,1214,1075,139,0.871,/u/
Bass_Flute,médium,Horn+sordina,grave,312,322,10,1132,1099,33,0.862,/o/
Horn+sordina,médium,Viola+sordina,médium,312,322,10,1161,1151,10,0.851,/o/
Bass_Flute,médium,Harp,aigu,312,322,10,1132,987,145,0.851,/o/
Vibraphone,grave,Viola,médium,312,322,10,1130,1315,185,0.838,/o/
Marimba,médium,Trumpet_C+sordina_wah,médium,322,312,10,1025,1139,114,0.836,/o/
Bass_Flute,médium,Clarinet_Eb,chalumeau,312,322,10,1132,1462,330,0.830,/o/
Horn+sordina,grave,Viola_Ensemble,médium,322,312,10,1099,1339,240,0.820,/o/
Horn,médium,Trumpet_C+sordina_wah,médium,322,312,10,1006,1139,133,0.817,/o/
Harp,aigu,Viola_Ensemble,médium,322,312,10,987,1339,352,0.803,/o/
Horn+sordina,médium,Viola,médium,312,322,10,1161,1315,154,0.784,/o/
Bassoon,grave,Violin,suraigu,506,516,10,1127,1230,103,0.758,/å/
Bassoon+sordina,bas_médium,Violin,suraigu,506,516,10,1141,1230,89,0.730,/å/
Horn+sordina,grave,Trumpet_C+sordina_wah,médium,322,312,10,1099,1139,40,0.730,/o/
Clarinet_Eb,chalumeau,Vibraphone,grave,322,312,10,1462,1130,332,0.729,/o/
Harp,aigu,Trumpet_C+sordina_wah,médium,322,312,10,987,1139,152,0.708,/o/
Clarinet_Eb,chalumeau,Horn+sordina,médium,322,312,10,1462,1161,301,0.646,/o/
Trumpet_C+sordina_harmon,grave,Violoncello,grave,183,193,10,1287,1149,138,0.566,/u/
Trumpet_C+sordina_harmon,grave,Violoncello,médium,183,193,10,1287,1202,85,0.566,/u/
Trumpet_C+sordina_harmon,grave,Violoncello_Ensemble,grave,183,193,10,1287,1155,132,0.550,/u/
Trumpet_C+sordina_harmon,grave,Violoncello_Ensemble+sordina,grave,183,193,10,1287,1211,76,0.548,/u/
Trumpet_C+sordina_harmon,grave,Violoncello+sordina,médium,183,193,10,1287,1226,61,0.521,/u/
Contrabass_Ensemble,aigu,Trumpet_C+sordina_harmon,grave,193,183,10,1214,1287,73,0.435,/u/
Harp,médium,Trumpet_C+sordina_harmon,grave,193,183,10,1053,1287,234,0.412,/u/
Bass_Tuba+sordina,médium,Bassoon+sordina,grave,473,484,11,1077,1047,30,0.996,/å/
Bass_Tuba,médium,Contrabass_Tuba,grave,204,215,11,1001,935,66,0.992,/u/
Bass_Tuba,médium,Contrabass_Tuba,médium,204,215,11,1001,964,37,0.992,/u/
Contrabass+sordina,grave,Contrabass_Ensemble,médium,161,172,11,1149,1170,21,0.991,/u/
Contrabass+sordina,médium,Contrabass_Ensemble,médium,161,172,11,1205,1170,35,0.991,/u/
Contrabass+sordina,aigu,Contrabass_Ensemble,grave,172,161,11,1256,1120,136,0.991,/u/
Contrabass,grave,Contrabass_Ensemble,médium,161,172,11,1207,1170,37,0.991,/u/
Contrabass,médium,Contrabass_Ensemble,médium,161,172,11,1205,1170,35,0.991,/u/
Contrabass,aigu,Contrabass_Ensemble,grave,172,161,11,1252,1120,132,0.991,/u/
Violoncello_Ensemble,grave,Violoncello_Ensemble+sordina,médium,193,204,11,1155,1180,25,0.991,/u/
Violoncello_Ensemble,grave,Violoncello_Ensemble+sordina,suraigu,193,204,11,1155,1280,125,0.991,/u/
Violoncello_Ensemble,médium,Violoncello_Ensemble+sordina,grave,204,193,11,1211,1211,0,0.991,/u/
Bassoon,aigu,Bassoon+sordina,haut_médium,570,559,11,1099,1089,10,0.988,/a/
Bass_Flute,médium,Viola_Ensemble+sordina,aigu,312,301,11,1132,1244,112,0.987,/o/
Bass_Flute,médium,Viola_Ensemble+sordina,suraigu,312,301,11,1132,1061,71,0.987,/o/
Marimba,grave,Trombone+sordina_harmon,grave,161,150,11,1111,1072,39,0.987,/u/
Contrabass_Ensemble,aigu,Harp,grave,193,204,11,1214,952,262,0.987,/u/
Contrabass,grave,Contrabass+sordina,aigu,161,172,11,1207,1256,49,0.986,/u/
Contrabass,médium,Contrabass+sordina,aigu,161,172,11,1205,1256,51,0.986,/u/
Contrabass,aigu,Contrabass+sordina,grave,172,161,11,1252,1149,103,0.986,/u/
Contrabass,aigu,Contrabass+sordina,médium,172,161,11,1252,1205,47,0.986,/u/
Contrabass,suraigu,Contrabass+sordina,suraigu,247,258,11,1275,1308,33,0.986,/o/
Bass_Tuba,médium,Contrabass_Ensemble,aigu,204,193,11,1001,1214,213,0.986,/u/
Bass_Tuba,grave,Harp,grave,215,204,11,978,952,26,0.985,/u/
Bass_Tuba,médium,Harp,médium,204,193,11,1001,1053,52,0.985,/u/
Bass_Tuba,suraigu,Harp,aigu,333,322,11,1042,987,55,0.985,/o/
Bass_Trombone,médium,Viola_Ensemble,suraigu,872,861,11,1123,1135,12,0.984,/e/–/i/
Trombone,grave,Trombone+sordina_wah,grave,484,473,11,1007,1034,27,0.983,/å/
Contrabass_Tuba,grave,Harp,grave,215,204,11,935,952,17,0.982,/u/
Contrabass_Tuba,médium,Harp,grave,215,204,11,964,952,12,0.982,/u/
Contrabass_Flute,médium,Viola+sordina,médium,333,322,11,1128,1151,23,0.981,/o/
Contrabass_Flute,aigu,Viola+sordina,suraigu,818,829,11,1138,932,206,0.981,/e/–/i/
Bass_Clarinet_Bb,grave,Trombone+sordina_harmon,médium,172,183,11,1257,1075,182,0.980,/u/
Violoncello,grave,Violoncello_Ensemble,médium,193,204,11,1149,1211,62,0.980,/u/
Violoncello,médium,Violoncello_Ensemble,médium,193,204,11,1202,1211,9,0.980,/u/
Violoncello,aigu,Violoncello_Ensemble,aigu,236,247,11,1253,1281,28,0.980,/u/
Contrebasson,grave,Guitar,médium,226,215,11,1101,1002,99,0.980,/u/
Contrebasson,médium,Guitar,médium,226,215,11,1078,1002,76,0.980,/u/
Contrebasson,aigu,Guitar,médium,226,215,11,1127,1002,125,0.980,/u/
Violin,médium,Violin+sordina,médium,366,355,11,1111,1175,64,0.979,/o/
Violin+sordina,médium,Violin_Ensemble,médium,355,344,11,1175,1225,50,0.979,/o/
Bass_Clarinet_Bb,grave,Violoncello+sordina_piombo,médium,172,161,11,1257,1087,170,0.978,/u/
Oboe,grave,Oboe+sordina,grave,1475,1464,11,1430,1359,71,0.978,/e/–/i/
Violoncello+sordina,médium,Violoncello_Ensemble+sordina,médium,193,204,11,1226,1180,46,0.977,/u/
Violoncello+sordina,médium,Violoncello_Ensemble+sordina,suraigu,193,204,11,1226,1280,54,0.977,/u/
Bass_Clarinet_Bb,aigu,Contrabass_Clarinet_Bb,aigu,1281,1270,11,1278,1437,159,0.977,/e/–/i/
Bass_Clarinet_Bb,suraigu,Contrabass_Clarinet_Bb,aigu,1281,1270,11,1341,1437,96,0.977,/e/–/i/
Horn,pédale,Violoncello_Ensemble,aigu,236,247,11,911,1281,370,0.974,/u/
Contrabass_Flute,grave,Marimba,grave,150,161,11,1109,1111,2,0.974,/u/
Contrabass_Flute,médium,Marimba,médium,333,322,11,1128,1025,103,0.974,/o/
Viola,suraigu,Violin_Ensemble+sordina,grave,355,344,11,1090,1203,113,0.974,/o/
Viola,suraigu,Violin_Ensemble+sordina,médium,355,344,11,1090,1140,50,0.974,/o/
Viola,suraigu,Violin_Ensemble+sordina,aigu,355,344,11,1090,1022,68,0.974,/o/
Viola,suraigu,Violin_Ensemble+sordina,suraigu,355,344,11,1090,1108,18,0.974,/o/
Harp,suraigu,Horn+sordina,médium,301,312,11,1231,1161,70,0.973,/o/
Trombone+sordina_harmon,grave,Violoncello+sordina_piombo,médium,150,161,11,1072,1087,15,0.971,/u/
Violoncello+sordina_piombo,aigu,Violoncello_Ensemble,aigu,258,247,11,1170,1281,111,0.971,/o/
Violoncello+sordina_piombo,suraigu,Violoncello_Ensemble,aigu,236,247,11,1247,1281,34,0.971,/u/
Violoncello,grave,Violoncello_Ensemble+sordina,médium,193,204,11,1149,1180,31,0.970,/u/
Violoncello,grave,Violoncello_Ensemble+sordina,suraigu,193,204,11,1149,1280,131,0.970,/u/
Violoncello,médium,Violoncello_Ensemble+sordina,médium,193,204,11,1202,1180,22,0.970,/u/
Violoncello,médium,Violoncello_Ensemble+sordina,suraigu,193,204,11,1202,1280,78,0.970,/u/
Violoncello+sordina,médium,Violoncello_Ensemble,médium,193,204,11,1226,1211,15,0.970,/u/
Violoncello+sordina,aigu,Violoncello_Ensemble,aigu,258,247,11,1166,1281,115,0.970,/o/
Violoncello+sordina,suraigu,Violoncello_Ensemble,aigu,258,247,11,1181,1281,100,0.970,/o/
Bass_Tuba+sordina,médium,Violoncello_Ensemble,suraigu,473,462,11,1077,1224,147,0.968,/å/
Guitar,médium,Violoncello_Ensemble+sordina,médium,215,204,11,1002,1180,178,0.968,/u/
Guitar,médium,Violoncello_Ensemble+sordina,aigu,215,226,11,1002,1244,242,0.968,/u/
Guitar,médium,Violoncello_Ensemble+sordina,suraigu,215,204,11,1002,1280,278,0.968,/u/
Viola,suraigu,Violin_Ensemble,médium,355,344,11,1090,1225,135,0.967,/o/
Bass_Tuba+sordina,aigu,Horn+sordina,aigu,549,538,11,1080,1240,160,0.967,/a/
Marimba,médium,Viola+sordina,grave,322,333,11,1025,1141,116,0.967,/o/
Viola_Ensemble,grave,Violin_Ensemble+sordina,grave,355,344,11,1304,1203,101,0.967,/o/
Viola_Ensemble,grave,Violin_Ensemble+sordina,médium,355,344,11,1304,1140,164,0.967,/o/
Viola_Ensemble,grave,Violin_Ensemble+sordina,aigu,355,344,11,1304,1022,282,0.967,/o/
Viola_Ensemble,grave,Violin_Ensemble+sordina,suraigu,355,344,11,1304,1108,196,0.967,/o/
Bass_Clarinet_Bb,grave,Marimba,grave,172,161,11,1257,1111,146,0.966,/u/
Contrabass_Flute,grave,Violoncello+sordina_piombo,médium,150,161,11,1109,1087,22,0.964,/u/
Guitar,médium,Violoncello_Ensemble,médium,215,204,11,1002,1211,209,0.964,/u/
Violin,aigu,Violin_Ensemble,aigu,570,581,11,1221,1237,16,0.963,/a/
Contrabass_Tuba,grave,Contrebasson,grave,215,226,11,935,1101,166,0.962,/u/
Contrabass_Tuba,grave,Contrebasson,médium,215,226,11,935,1078,143,0.962,/u/
Contrabass_Tuba,grave,Contrebasson,aigu,215,226,11,935,1127,192,0.962,/u/
Contrabass_Tuba,médium,Contrebasson,grave,215,226,11,964,1101,137,0.962,/u/
Contrabass_Tuba,médium,Contrebasson,médium,215,226,11,964,1078,114,0.962,/u/
Contrabass_Tuba,médium,Contrebasson,aigu,215,226,11,964,1127,163,0.962,/u/
Clarinet_Bb,chalumeau,Violoncello_Ensemble,médium,215,204,11,1315,1211,104,0.962,/u/
Viola,grave,Viola_Ensemble,grave,366,355,11,1305,1304,1,0.962,/o/
Viola,suraigu,Viola_Ensemble,aigu,355,366,11,1090,1299,209,0.962,/o/
Bass_Tuba,grave,Contrebasson,grave,215,226,11,978,1101,123,0.962,/u/
Bass_Tuba,grave,Contrebasson,médium,215,226,11,978,1078,100,0.962,/u/
Bass_Tuba,grave,Contrebasson,aigu,215,226,11,978,1127,149,0.962,/u/
Bass_Tuba+sordina,médium,Horn,aigu,473,484,11,1077,1014,63,0.961,/å/
Bass_Tuba,suraigu,Horn+sordina,grave,333,322,11,1042,1099,57,0.960,/o/
Trombone,aigu,Trombone+sordina_straight,aigu,430,419,11,1027,988,39,0.959,/å/
Marimba,grave,Violoncello+sordina_piombo,grave,161,150,11,1111,1019,92,0.958,/u/
Flute,grave,Viola,suraigu,344,355,11,1377,1090,287,0.958,/o/
Guitar,médium,Harp,grave,215,204,11,1002,952,50,0.958,/u/
Bass_Trombone,pédale,Trombone,grave,495,484,11,1070,1007,63,0.958,/å/
Contrabass+sordina,aigu,Guitar,grave,172,183,11,1256,1036,220,0.956,/u/
Contrabass+sordina,aigu,Guitar,aigu,172,183,11,1256,1042,214,0.956,/u/
Contrabass+sordina,aigu,Violoncello+sordina,grave,172,183,11,1256,1225,31,0.955,/u/
Flute,grave,Violin+sordina,médium,344,355,11,1377,1175,202,0.954,/o/
Contrabass_Ensemble,médium,Guitar,grave,172,183,11,1170,1036,134,0.953,/u/
Contrabass_Ensemble,médium,Guitar,aigu,172,183,11,1170,1042,128,0.953,/u/
Clarinet_Bb,chalumeau,Violoncello_Ensemble+sordina,médium,215,204,11,1315,1180,135,0.951,/u/
Clarinet_Bb,chalumeau,Violoncello_Ensemble+sordina,aigu,215,226,11,1315,1244,71,0.951,/u/
Clarinet_Bb,chalumeau,Violoncello_Ensemble+sordina,suraigu,215,204,11,1315,1280,35,0.951,/u/
Horn,aigu,Trombone+sordina_wah,grave,484,473,11,1014,1034,20,0.950,/å/
Bass_Flute,grave,Violoncello_Ensemble,aigu,258,247,11,1111,1281,170,0.950,/o/
Viola,grave,Violin+sordina,médium,366,355,11,1305,1175,130,0.949,/o/
Viola,suraigu,Violin+sordina,aigu,355,344,11,1090,1091,1,0.949,/o/
Contrabass_Ensemble,médium,Violoncello+sordina,grave,172,183,11,1170,1225,55,0.946,/u/
Trombone,aigu,Violoncello,suraigu,430,419,11,1027,1275,248,0.946,/å/
Viola+sordina,grave,Violin_Ensemble+sordina,grave,333,344,11,1141,1203,62,0.946,/o/
Viola+sordina,grave,Violin_Ensemble+sordina,médium,333,344,11,1141,1140,1,0.946,/o/
Viola+sordina,grave,Violin_Ensemble+sordina,aigu,333,344,11,1141,1022,119,0.946,/o/
Viola+sordina,grave,Violin_Ensemble+sordina,suraigu,333,344,11,1141,1108,33,0.946,/o/
Horn,grave,Trombone,aigu,419,430,11,961,1027,66,0.946,/å/
Viola_Ensemble,médium,Viola_Ensemble+sordina,aigu,312,301,11,1339,1244,95,0.944,/o/
Viola_Ensemble,médium,Viola_Ensemble+sordina,suraigu,312,301,11,1339,1061,278,0.944,/o/
Contrabass,aigu,Guitar,grave,172,183,11,1252,1036,216,0.944,/u/
Contrabass,aigu,Guitar,aigu,172,183,11,1252,1042,210,0.944,/u/
Bass_Trombone,pédale,Violin_Ensemble,grave,495,484,11,1070,1295,225,0.944,/å/
Harp,grave,Violoncello+sordina,médium,204,193,11,952,1226,274,0.944,/u/
Oboe,suraigu,Trumpet_C+sordina_straight,grave,1324,1335,11,1401,1381,20,0.943,/e/–/i/
Bass_Tuba+sordina,aigu,Trombone+sordina_straight,grave,549,538,11,1080,969,111,0.942,/a/
Contrabass,aigu,Violoncello+sordina,grave,172,183,11,1252,1225,27,0.942,/u/
Contrabass,suraigu,Violoncello+sordina,aigu,247,258,11,1275,1166,109,0.942,/o/
Contrabass,suraigu,Violoncello+sordina,suraigu,247,258,11,1275,1181,94,0.942,/o/
Clarinet_Bb,gorge,Viola_Ensemble,aigu,355,366,11,1391,1299,92,0.940,/o/
Viola,médium,Viola+sordina,grave,322,333,11,1315,1141,174,0.940,/o/
Viola,aigu,Viola+sordina,aigu,398,387,11,1231,1050,181,0.940,/o/
Violin+sordina,médium,Violin_Ensemble+sordina,grave,355,344,11,1175,1203,28,0.940,/o/
Violin+sordina,médium,Violin_Ensemble+sordina,médium,355,344,11,1175,1140,35,0.940,/o/
Violin+sordina,médium,Violin_Ensemble+sordina,aigu,355,344,11,1175,1022,153,0.940,/o/
Violin+sordina,médium,Violin_Ensemble+sordina,suraigu,355,344,11,1175,1108,67,0.940,/o/
Bass_Tuba,médium,Guitar,médium,204,215,11,1001,1002,1,0.939,/u/
Sax_Alto,grave,Violin,médium,355,366,11,1250,1111,139,0.939,/o/
Contrabass_Flute,médium,Horn,médium,333,322,11,1128,1006,122,0.938,/o/
Horn,médium,Viola+sordina,grave,322,333,11,1006,1141,135,0.936,/o/
Vibraphone,grave,Viola_Ensemble+sordina,aigu,312,301,11,1130,1244,114,0.934,/o/
Vibraphone,grave,Viola_Ensemble+sordina,suraigu,312,301,11,1130,1061,69,0.934,/o/
Bass_Tuba+sordina,suraigu,Contrabass_Tuba,aigu,387,398,11,1122,999,123,0.934,/o/
Harp,suraigu,Vibraphone,grave,301,312,11,1231,1130,101,0.932,/o/
Viola,suraigu,Violin,médium,355,366,11,1090,1111,21,0.932,/o/
Viola_Ensemble,grave,Violin_Ensemble,médium,355,344,11,1304,1225,79,0.931,/o/
Contrabass_Flute,médium,Violin_Ensemble+sordina,grave,333,344,11,1128,1203,75,0.930,/o/
Contrabass_Flute,médium,Violin_Ensemble+sordina,médium,333,344,11,1128,1140,12,0.930,/o/
Contrabass_Flute,médium,Violin_Ensemble+sordina,aigu,333,344,11,1128,1022,106,0.930,/o/
Contrabass_Flute,médium,Violin_Ensemble+sordina,suraigu,333,344,11,1128,1108,20,0.930,/o/
Bass_Clarinet_Bb,grave,Violoncello+sordina,grave,172,183,11,1257,1225,32,0.927,/u/
Contrabass+sordina,suraigu,Violoncello_Ensemble,aigu,258,247,11,1308,1281,27,0.926,/o/
Bass_Tuba,médium,Violoncello+sordina,médium,204,193,11,1001,1226,225,0.925,/u/
Contrabass_Flute,aigu,Trombone+sordina_cup,aigu,818,807,11,1138,1020,118,0.923,/e/–/i/
Contrabass_Ensemble,aigu,Violoncello_Ensemble+sordina,médium,193,204,11,1214,1180,34,0.922,/u/
Contrabass_Ensemble,aigu,Violoncello_Ensemble+sordina,suraigu,193,204,11,1214,1280,66,0.922,/u/
Bass_Clarinet_Bb,grave,Guitar,grave,172,183,11,1257,1036,221,0.922,/u/
Bass_Clarinet_Bb,grave,Guitar,aigu,172,183,11,1257,1042,215,0.922,/u/
Oboe+sordina,médium,Trumpet_C+sordina_straight,grave,1324,1335,11,1364,1381,17,0.922,/e/–/i/
Flute,grave,Viola_Ensemble,grave,344,355,11,1377,1304,73,0.922,/o/
Trombone+sordina_wah,grave,Violoncello_Ensemble,suraigu,473,462,11,1034,1224,190,0.919,/å/
Contrabass_Ensemble,aigu,Violoncello_Ensemble,médium,193,204,11,1214,1211,3,0.918,/u/
Harp,grave,Violoncello_Ensemble+sordina,grave,204,193,11,952,1211,259,0.918,/u/
Harp,médium,Violoncello_Ensemble+sordina,médium,193,204,11,1053,1180,127,0.918,/u/
Harp,médium,Violoncello_Ensemble+sordina,suraigu,193,204,11,1053,1280,227,0.918,/u/
Bassoon+sordina,grave,Trombone+sordina_wah,grave,484,473,11,1047,1034,13,0.917,/å/
Contrabass_Flute,médium,Viola,médium,333,322,11,1128,1315,187,0.917,/o/
Bass_Tuba+sordina,grave,Trombone+sordina_wah,grave,462,473,11,1060,1034,26,0.916,/å/
Harp,grave,Violoncello_Ensemble,grave,204,193,11,952,1155,203,0.915,/u/
Harp,médium,Violoncello_Ensemble,médium,193,204,11,1053,1211,158,0.915,/u/
Viola_Ensemble,grave,Violin+sordina,aigu,355,344,11,1304,1091,213,0.914,/o/
Viola_Ensemble,aigu,Violin+sordina,médium,366,355,11,1299,1175,124,0.914,/o/
Trumpet_C+sordina_harmon,aigu,Trumpet_C+sordina_straight,aigu,462,473,11,1259,1361,102,0.912,/å/
Sax_Alto,grave,Violin+sordina,aigu,355,344,11,1250,1091,159,0.911,/o/
Bass_Trombone,aigu,Violin,suraigu,527,516,11,1062,1230,168,0.909,/a/
Flute,grave,Sax_Alto,grave,344,355,11,1377,1250,127,0.908,/o/
Clarinet_Bb,chalumeau,Contrebasson,grave,215,226,11,1315,1101,214,0.907,/u/
Clarinet_Bb,chalumeau,Contrebasson,médium,215,226,11,1315,1078,237,0.907,/u/
Clarinet_Bb,chalumeau,Contrebasson,aigu,215,226,11,1315,1127,188,0.907,/u/
Bass_Flute,aigu,Trombone+sordina_cup,médium,904,915,11,1110,992,118,0.907,/e/–/i/
Bass_Trombone,aigu,Trombone+sordina_straight,grave,527,538,11,1062,969,93,0.907,/a/
Viola+sordina,grave,Violin_Ensemble,médium,333,344,11,1141,1225,84,0.906,/o/
Contrabass_Tuba,grave,Violoncello_Ensemble+sordina,médium,215,204,11,935,1180,245,0.904,/u/
Contrabass_Tuba,grave,Violoncello_Ensemble+sordina,aigu,215,226,11,935,1244,309,0.904,/u/
Contrabass_Tuba,grave,Violoncello_Ensemble+sordina,suraigu,215,204,11,935,1280,345,0.904,/u/
Contrabass_Tuba,médium,Violoncello_Ensemble+sordina,médium,215,204,11,964,1180,216,0.904,/u/
Contrabass_Tuba,médium,Violoncello_Ensemble+sordina,aigu,215,226,11,964,1244,280,0.904,/u/
Contrabass_Tuba,médium,Violoncello_Ensemble+sordina,suraigu,215,204,11,964,1280,316,0.904,/u/
Clarinet_Bb,gorge,Viola,grave,355,366,11,1391,1305,86,0.903,/o/
Bass_Tuba+sordina,médium,Trombone,grave,473,484,11,1077,1007,70,0.903,/å/
Contrabass+sordina,grave,Violoncello+sordina_piombo,grave,161,150,11,1149,1019,130,0.901,/u/
Contrabass+sordina,médium,Violoncello+sordina_piombo,grave,161,150,11,1205,1019,186,0.901,/u/
Contrabass+sordina,aigu,Violoncello+sordina_piombo,médium,172,161,11,1256,1087,169,0.901,/u/
Sax_Alto,grave,Violin_Ensemble,médium,355,344,11,1250,1225,25,0.900,/o/
Trombone+sordina_harmon,aigu,Viola,aigu,409,398,11,1105,1231,126,0.900,/å/
Bass_Tuba,grave,Violoncello_Ensemble+sordina,médium,215,204,11,978,1180,202,0.899,/u/
Bass_Tuba,grave,Violoncello_Ensemble+sordina,aigu,215,226,11,978,1244,266,0.899,/u/
Bass_Tuba,grave,Violoncello_Ensemble+sordina,suraigu,215,204,11,978,1280,302,0.899,/u/
Bass_Tuba,médium,Violoncello_Ensemble+sordina,grave,204,193,11,1001,1211,210,0.899,/u/
Trombone+sordina_wah,aigu,Viola,aigu,409,398,11,1156,1231,75,0.899,/å/
Contrabass_Tuba,grave,Violoncello_Ensemble,médium,215,204,11,935,1211,276,0.898,/u/
Contrabass_Tuba,médium,Violoncello_Ensemble,médium,215,204,11,964,1211,247,0.898,/u/
Flute,grave,Viola+sordina,grave,344,333,11,1377,1141,236,0.898,/o/
Harp,grave,Violoncello,grave,204,193,11,952,1149,197,0.896,/u/
Harp,grave,Violoncello,médium,204,193,11,952,1202,250,0.896,/u/
Bass_Trombone,pédale,Horn,aigu,495,484,11,1070,1014,56,0.896,/å/
Viola_Ensemble,grave,Violin,médium,355,366,11,1304,1111,193,0.896,/o/
Contrabass,suraigu,Violoncello,aigu,247,236,11,1275,1253,22,0.893,/u/
Bass_Tuba,grave,Violoncello_Ensemble,médium,215,204,11,978,1211,233,0.893,/u/
Bass_Tuba,médium,Violoncello_Ensemble,grave,204,193,11,1001,1155,154,0.893,/u/
Clarinet_Bb,gorge,Violin_Ensemble+sordina,grave,355,344,11,1391,1203,188,0.893,/o/
Clarinet_Bb,gorge,Violin_Ensemble+sordina,médium,355,344,11,1391,1140,251,0.893,/o/
Clarinet_Bb,gorge,Violin_Ensemble+sordina,aigu,355,344,11,1391,1022,369,0.893,/o/
Clarinet_Bb,gorge,Violin_Ensemble+sordina,suraigu,355,344,11,1391,1108,283,0.893,/o/
Oboe+sordina,aigu,Trumpet_C+sordina_wah,suraigu,904,915,11,1056,1174,118,0.891,/e/–/i/
Viola+sordina,grave,Violin+sordina,aigu,333,344,11,1141,1091,50,0.891,/o/
Viola+sordina,aigu,Violin+sordina,grave,387,398,11,1050,1234,184,0.891,/o/
Viola+sordina,aigu,Violin+sordina,suraigu,387,376,11,1050,1012,38,0.891,/o/
Bass_Tuba,suraigu,Horn,médium,333,322,11,1042,1006,36,0.890,/o/
Trumpet_C,aigu,Trumpet_C+sordina_straight,aigu,462,473,11,1261,1361,100,0.889,/å/
Contrabass_Ensemble,grave,Violoncello+sordina_piombo,grave,161,150,11,1120,1019,101,0.889,/u/
Contrabass_Ensemble,médium,Violoncello+sordina_piombo,médium,172,161,11,1170,1087,83,0.889,/u/
Contrabass,grave,Violoncello+sordina_piombo,grave,161,150,11,1207,1019,188,0.887,/u/
Contrabass,médium,Violoncello+sordina_piombo,grave,161,150,11,1205,1019,186,0.887,/u/
Contrabass,aigu,Violoncello+sordina_piombo,médium,172,161,11,1252,1087,165,0.887,/u/
Contrabass,suraigu,Violoncello+sordina_piombo,aigu,247,258,11,1275,1170,105,0.887,/o/
Contrabass,suraigu,Violoncello+sordina_piombo,suraigu,247,236,11,1275,1247,28,0.887,/u/
Contrabass,suraigu,Horn,pédale,247,236,11,1275,911,364,0.887,/u/
Contrabass_Flute,médium,Violin_Ensemble,médium,333,344,11,1128,1225,97,0.884,/o/
Bass_Clarinet_Bb,grave,Contrabass+sordina,grave,172,161,11,1257,1149,108,0.884,/u/
Bass_Clarinet_Bb,grave,Contrabass+sordina,médium,172,161,11,1257,1205,52,0.884,/u/
Bass_Clarinet_Bb,médium,Contrabass+sordina,aigu,183,172,11,1270,1256,14,0.884,/u/
Bass_Trombone,médium,Viola+sordina_piombo,suraigu,872,861,11,1123,947,176,0.881,/e/–/i/
Clarinet_Bb,chalumeau,Harp,grave,215,204,11,1315,952,363,0.881,/u/
Contrabass_Flute,médium,Flute,grave,333,344,11,1128,1377,249,0.881,/o/
Piccolo,médium,Trumpet_C+sordina_straight,médium,1431,1442,11,1508,1428,80,0.878,/e/–/i/
Contrabass_Flute,médium,Violin+sordina,aigu,333,344,11,1128,1091,37,0.877,/o/
Bass_Clarinet_Bb,grave,Contrabass_Ensemble,grave,172,161,11,1257,1120,137,0.877,/u/
Bass_Clarinet_Bb,médium,Contrabass_Ensemble,médium,183,172,11,1270,1170,100,0.877,/u/
Contrabass+sordina,grave,Trombone+sordina_harmon,grave,161,150,11,1149,1072,77,0.876,/u/
Contrabass+sordina,médium,Trombone+sordina_harmon,grave,161,150,11,1205,1072,133,0.876,/u/
Contrabass+sordina,aigu,Trombone+sordina_harmon,médium,172,183,11,1256,1075,181,0.876,/u/
Horn+sordina,médium,Viola_Ensemble+sordina,aigu,312,301,11,1161,1244,83,0.875,/o/
Horn+sordina,médium,Viola_Ensemble+sordina,suraigu,312,301,11,1161,1061,100,0.875,/o/
Bass_Tuba,médium,Violoncello,grave,204,193,11,1001,1149,148,0.873,/u/
Bass_Tuba,médium,Violoncello,médium,204,193,11,1001,1202,201,0.873,/u/
Bass_Clarinet_Bb,grave,Contrabass,grave,172,161,11,1257,1207,50,0.871,/u/
Bass_Clarinet_Bb,grave,Contrabass,médium,172,161,11,1257,1205,52,0.871,/u/
Bass_Clarinet_Bb,médium,Contrabass,aigu,183,172,11,1270,1252,18,0.871,/u/
Contrabass_Ensemble,grave,Trombone+sordina_harmon,grave,161,150,11,1120,1072,48,0.871,/u/
Contrabass_Ensemble,médium,Trombone+sordina_harmon,médium,172,183,11,1170,1075,95,0.871,/u/
Contrabass+sordina,aigu,Marimba,grave,172,161,11,1256,1111,145,0.867,/u/
Bass_Trombone,pédale,Bassoon,grave,495,506,11,1070,1127,57,0.867,/å/
Bass_Trombone,aigu,Bassoon,bas_médium,527,516,11,1062,1152,90,0.867,/a/
Contrabass,grave,Trombone+sordina_harmon,grave,161,150,11,1207,1072,135,0.865,/u/
Contrabass,médium,Trombone+sordina_harmon,grave,161,150,11,1205,1072,133,0.865,/u/
Contrabass,aigu,Trombone+sordina_harmon,médium,172,183,11,1252,1075,177,0.865,/u/
Contrabass_Ensemble,médium,Marimba,grave,172,161,11,1170,1111,59,0.864,/u/
Oboe,aigu,Trumpet_C+sordina_wah,suraigu,904,915,11,1176,1174,2,0.864,/e/–/i/
Sax_Alto,grave,Viola,grave,355,366,11,1250,1305,55,0.861,/o/
Contrabass+sordina,grave,Contrabass_Flute,grave,161,150,11,1149,1109,40,0.860,/u/
Contrabass+sordina,médium,Contrabass_Flute,grave,161,150,11,1205,1109,96,0.860,/u/
Bass_Tuba,suraigu,Marimba,médium,333,322,11,1042,1025,17,0.859,/o/
Contrabass_Tuba,aigu,Trombone+sordina_harmon,aigu,398,409,11,999,1105,106,0.859,/å/
Harp,suraigu,Viola_Ensemble+sordina,médium,301,290,11,1231,1261,30,0.858,/o/
Bass_Flute,grave,Contrabass,suraigu,258,247,11,1111,1275,164,0.858,/o/
Clarinet_Bb,gorge,Violin_Ensemble,médium,355,344,11,1391,1225,166,0.857,/o/
Bass_Tuba,médium,Clarinet_Bb,chalumeau,204,215,11,1001,1315,314,0.856,/u/
Contrabass,aigu,Marimba,grave,172,161,11,1252,1111,141,0.855,/u/
Contrabass_Flute,médium,Horn+sordina,grave,333,322,11,1128,1099,29,0.852,/o/
Horn+sordina,grave,Viola+sordina,grave,322,333,11,1099,1141,42,0.851,/o/
Clarinet_Bb,gorge,Flute,grave,355,344,11,1391,1377,14,0.851,/o/
Bass_Flute,médium,Harp,suraigu,312,301,11,1132,1231,99,0.851,/o/
Sax_Alto,grave,Violin_Ensemble+sordina,grave,355,344,11,1250,1203,47,0.849,/o/
Sax_Alto,grave,Violin_Ensemble+sordina,médium,355,344,11,1250,1140,110,0.849,/o/
Sax_Alto,grave,Violin_Ensemble+sordina,aigu,355,344,11,1250,1022,228,0.849,/o/
Sax_Alto,grave,Violin_Ensemble+sordina,suraigu,355,344,11,1250,1108,142,0.849,/o/
Clarinet_Eb,chalumeau,Viola+sordina,grave,322,333,11,1462,1141,321,0.848,/o/
Contrabass_Ensemble,grave,Contrabass_Flute,grave,161,150,11,1120,1109,11,0.848,/u/
Clarinet_Bb,gorge,Violin+sordina,aigu,355,344,11,1391,1091,300,0.847,/o/
Trombone+sordina_harmon,aigu,Violin+sordina,grave,409,398,11,1105,1234,129,0.847,/å/
Trumpet_C+sordina_straight,aigu,Violin,grave,473,462,11,1361,1208,153,0.847,/å/
Contrabass,grave,Contrabass_Flute,grave,161,150,11,1207,1109,98,0.846,/u/
Contrabass,médium,Contrabass_Flute,grave,161,150,11,1205,1109,96,0.846,/u/
Contrabass_Tuba,aigu,Trombone+sordina_wah,aigu,398,409,11,999,1156,157,0.846,/å/
Trombone+sordina_wah,grave,Violin_Ensemble,grave,473,484,11,1034,1295,261,0.846,/å/
Trombone+sordina_wah,médium,Violin_Ensemble,aigu,592,581,11,1082,1237,155,0.846,/a/
Bass_Trombone,pédale,Bassoon+sordina,grave,495,484,11,1070,1047,23,0.843,/å/
Bass_Trombone,pédale,Bassoon+sordina,bas_médium,495,506,11,1070,1141,71,0.843,/å/
Contrabass_Flute,médium,Harp,aigu,333,322,11,1128,987,141,0.841,/o/
Bass_Flute,aigu,Trumpet_C+sordina_wah,suraigu,904,915,11,1110,1174,64,0.841,/e/–/i/
Clarinet_Eb,chalumeau,Contrabass_Flute,médium,322,333,11,1462,1128,334,0.840,/o/
Trumpet_C+sordina_wah,médium,Viola_Ensemble+sordina,aigu,312,301,11,1139,1244,105,0.838,/o/
Trumpet_C+sordina_wah,médium,Viola_Ensemble+sordina,suraigu,312,301,11,1139,1061,78,0.838,/o/
Bass_Tuba,aigu,Viola_Ensemble+sordina,médium,279,290,11,1016,1261,245,0.836,/o/
Harp,aigu,Viola+sordina,grave,322,333,11,987,1141,154,0.832,/o/
Trombone+sordina_wah,aigu,Violin+sordina,grave,409,398,11,1156,1234,78,0.832,/å/
Trombone+sordina_straight,médium,Violin_Ensemble,aigu,592,581,11,979,1237,258,0.830,/a/
Clarinet_Bb,gorge,Violin,médium,355,366,11,1391,1111,280,0.827,/o/
Bass_Tuba+sordina,suraigu,Viola,aigu,387,398,11,1122,1231,109,0.825,/o/
Sax_Alto,grave,Viola_Ensemble,aigu,355,366,11,1250,1299,49,0.824,/o/
Viola+sordina_piombo,médium,Viola_Ensemble+sordina,grave,290,279,11,1247,1214,33,0.818,/o/
Viola+sordina_piombo,médium,Viola_Ensemble+sordina,aigu,290,301,11,1247,1244,3,0.818,/o/
Viola+sordina_piombo,médium,Viola_Ensemble+sordina,suraigu,290,301,11,1247,1061,186,0.818,/o/
Contrabass_Tuba,aigu,Viola+sordina,aigu,398,387,11,999,1050,51,0.815,/o/
Trumpet_C+sordina_straight,aigu,Violin_Ensemble,grave,473,484,11,1361,1295,66,0.813,/å/
Trombone+sordina_wah,grave,Violin,grave,473,462,11,1034,1208,174,0.809,/å/
Bass_Trombone,aigu,Horn+sordina,pédale,527,516,11,1062,1038,24,0.807,/a/
Bass_Trombone,aigu,Horn+sordina,aigu,527,538,11,1062,1240,178,0.807,/a/
Bass_Tuba,suraigu,Viola+sordina,médium,333,322,11,1042,1151,109,0.806,/o/
Harp,suraigu,Viola_Ensemble,médium,301,312,11,1231,1339,108,0.803,/o/
Clarinet_Bb,chalumeau,Viola+sordina_piombo,aigu,215,204,11,1315,1126,189,0.801,/u/
Trumpet_C+sordina_harmon,médium,Viola+sordina_piombo,médium,301,290,11,1353,1247,106,0.801,/o/
Bassoon,haut_médium,Violin_Ensemble,aigu,592,581,11,1175,1237,62,0.789,/a/
Bassoon,aigu,Violin_Ensemble,aigu,570,581,11,1099,1237,138,0.789,/a/
Viola+sordina_piombo,aigu,Violoncello,grave,204,193,11,1126,1149,23,0.788,/u/
Viola+sordina_piombo,aigu,Violoncello,médium,204,193,11,1126,1202,76,0.788,/u/
Sax_Alto,médium,Trombone,médium,613,602,11,1331,1008,323,0.779,/a/
Trombone+sordina_wah,grave,Trumpet_C,aigu,473,462,11,1034,1261,227,0.777,/å/
Oboe+sordina,aigu,Trombone+sordina_cup,médium,904,915,11,1056,992,64,0.775,/e/–/i/
Viola+sordina_piombo,aigu,Violoncello_Ensemble,grave,204,193,11,1126,1155,29,0.769,/u/
Bass_Tuba+sordina,médium,Violin_Ensemble,grave,473,484,11,1077,1295,218,0.768,/å/
Bass_Tuba+sordina,suraigu,Violin+sordina,grave,387,398,11,1122,1234,112,0.764,/o/
Bass_Tuba+sordina,suraigu,Violin+sordina,suraigu,387,376,11,1122,1012,110,0.764,/o/
Contrabass_Clarinet_Bb,aigu,Trumpet_C,grave,1270,1281,11,1437,1259,178,0.761,/e/–/i/
Viola+sordina_piombo,aigu,Violoncello_Ensemble+sordina,grave,204,193,11,1126,1211,85,0.761,/u/
Bassoon+sordina,aigu,Violin_Ensemble,aigu,570,581,11,1079,1237,158,0.761,/a/
Oboe,aigu,Trombone+sordina_cup,médium,904,915,11,1176,992,184,0.744,/e/–/i/
Bass_Tuba+sordina,médium,Violin,grave,473,462,11,1077,1208,131,0.739,/å/
Viola+sordina_piombo,aigu,Violoncello+sordina,médium,204,193,11,1126,1226,100,0.739,/u/
Bass_Tuba,suraigu,Viola,médium,333,322,11,1042,1315,273,0.737,/o/
Bassoon+sordina,haut_médium,Violin,aigu,559,570,11,1089,1221,132,0.730,/a/
Guitar,médium,Viola+sordina_piombo,aigu,215,204,11,1002,1126,124,0.722,/u/
Trumpet_C+sordina_harmon,médium,Trumpet_C+sordina_wah,médium,301,312,11,1353,1139,214,0.721,/o/
Bass_Tuba,suraigu,Violin_Ensemble+sordina,grave,333,344,11,1042,1203,161,0.716,/o/
Bass_Tuba,suraigu,Violin_Ensemble+sordina,médium,333,344,11,1042,1140,98,0.716,/o/
Bass_Tuba,suraigu,Violin_Ensemble+sordina,aigu,333,344,11,1042,1022,20,0.716,/o/
Bass_Tuba,suraigu,Violin_Ensemble+sordina,suraigu,333,344,11,1042,1108,66,0.716,/o/
Harp,suraigu,Trumpet_C+sordina_wah,médium,301,312,11,1231,1139,92,0.708,/o/
Clarinet_Bb,clarine,Oboe,grave,1464,1475,11,1426,1430,4,0.698,/e/–/i/
Trombone,grave,Trumpet_C+sordina_straight,aigu,484,473,11,1007,1361,354,0.694,/å/
Bass_Tuba+sordina,médium,Trumpet_C,aigu,473,462,11,1077,1261,184,0.691,/å/
Bass_Tuba,suraigu,Violin+sordina,aigu,333,344,11,1042,1091,49,0.675,/o/
Bass_Tuba,suraigu,Violin_Ensemble,médium,333,344,11,1042,1225,183,0.672,/o/
Contrabass_Ensemble,aigu,Viola+sordina_piombo,aigu,193,204,11,1214,1126,88,0.669,/u/
Bass_Tuba,suraigu,Flute,grave,333,344,11,1042,1377,335,0.659,/o/
Harp,médium,Viola+sordina_piombo,aigu,193,204,11,1053,1126,73,0.658,/u/
Harp,suraigu,Viola+sordina_piombo,médium,301,290,11,1231,1247,16,0.658,/o/
Trumpet_C+sordina_harmon,médium,Viola_Ensemble,médium,301,312,11,1353,1339,14,0.657,/o/
Contrabass_Tuba,grave,Viola+sordina_piombo,aigu,215,204,11,935,1126,191,0.645,/u/
Contrabass_Tuba,médium,Viola+sordina_piombo,aigu,215,204,11,964,1126,162,0.645,/u/
Bass_Tuba,grave,Viola+sordina_piombo,aigu,215,204,11,978,1126,148,0.631,/u/
Bass_Tuba,aigu,Viola+sordina_piombo,médium,279,290,11,1016,1247,231,0.631,/o/
Trumpet_C+sordina_straight,aigu,Violoncello_Ensemble,suraigu,473,462,11,1361,1224,137,0.625,/å/
Horn,aigu,Trumpet_C+sordina_straight,aigu,484,473,11,1014,1361,347,0.624,/å/
Bass_Flute,médium,Trumpet_C+sordina_harmon,médium,312,301,11,1132,1353,221,0.615,/o/
Trumpet_C+sordina_harmon,médium,Viola_Ensemble+sordina,médium,301,290,11,1353,1261,92,0.613,/o/
Bass_Tuba,suraigu,Clarinet_Eb,chalumeau,333,322,11,1042,1462,420,0.609,/o/
Bass_Clarinet_Bb,grave,Trumpet_C+sordina_harmon,grave,172,183,11,1257,1287,30,0.581,/u/
Bass_Tuba+sordina,grave,Trumpet_C+sordina_straight,aigu,462,473,11,1060,1361,301,0.566,/å/
Bassoon+sordina,grave,Trumpet_C+sordina_straight,aigu,484,473,11,1047,1361,314,0.557,/å/
Trombone+sordina_wah,grave,Trumpet_C+sordina_harmon,aigu,473,462,11,1034,1259,225,0.538,/å/
Trumpet_C+sordina_harmon,médium,Vibraphone,grave,301,312,11,1353,1130,223,0.528,/o/
Bass_Tuba+sordina,médium,Trumpet_C+sordina_harmon,aigu,473,462,11,1077,1259,182,0.480,/å/
Contrabass+sordina,aigu,Trumpet_C+sordina_harmon,grave,172,183,11,1256,1287,31,0.461,/u/
Contrabass,aigu,Trumpet_C+sordina_harmon,grave,172,183,11,1252,1287,35,0.444,/u/
Contrabass_Ensemble,médium,Trumpet_C+sordina_harmon,grave,172,183,11,1170,1287,117,0.435,/u/
Horn+sordina,médium,Trumpet_C+sordina_harmon,médium,312,301,11,1161,1353,192,0.421,/o/
Bass_Tuba+sordina,aigu,Bassoon+sordina,aigu,549,570,21,1080,1079,1,0.996,/a/
Contrabass+sordina,aigu,Contrabass_Ensemble,aigu,172,193,21,1256,1214,42,0.991,/u/
Contrabass,aigu,Contrabass_Ensemble,aigu,172,193,21,1252,1214,38,0.991,/u/
Violoncello_Ensemble,aigu,Violoncello_Ensemble+sordina,aigu,247,226,21,1281,1244,37,0.991,/u/
Bass_Tuba+sordina,aigu,Bassoon,aigu,549,570,21,1080,1099,19,0.990,/a/
Bass_Flute,grave,Viola_Ensemble+sordina,grave,258,279,21,1111,1214,103,0.987,/o/
Contrabass_Ensemble,médium,Harp,médium,172,193,21,1170,1053,117,0.987,/u/
Bass_Flute,médium,Contrabass_Flute,médium,312,333,21,1132,1128,4,0.987,/o/
Contrabass+sordina,aigu,Harp,médium,172,193,21,1256,1053,203,0.985,/u/
Trombone,aigu,Trombone+sordina_wah,aigu,430,409,21,1027,1156,129,0.983,/å/
Clarinet_Bb,chalumeau,Violoncello,aigu,215,236,21,1315,1253,62,0.982,/u/
Bass_Clarinet_Bb,grave,Violoncello,grave,172,193,21,1257,1149,108,0.980,/u/
Bass_Clarinet_Bb,grave,Violoncello,médium,172,193,21,1257,1202,55,0.980,/u/
Clarinet_Bb,chalumeau,Violoncello+sordina_piombo,suraigu,215,236,21,1315,1247,68,0.979,/u/
Viola+sordina,grave,Viola_Ensemble,médium,333,312,21,1141,1339,198,0.979,/o/
Viola+sordina,aigu,Viola_Ensemble,aigu,387,366,21,1050,1299,249,0.979,/o/
Oboe,suraigu,Oboe+sordina,suraigu,1324,1345,21,1401,1412,11,0.978,/e/–/i/
Viola_Ensemble+sordina,grave,Violoncello+sordina_piombo,aigu,279,258,21,1214,1170,44,0.978,/o/
Violoncello+sordina,grave,Violoncello_Ensemble+sordina,médium,183,204,21,1225,1180,45,0.977,/u/
Violoncello+sordina,grave,Violoncello_Ensemble+sordina,suraigu,183,204,21,1225,1280,55,0.977,/u/
Contrabass,aigu,Harp,médium,172,193,21,1252,1053,199,0.974,/u/
Harp,suraigu,Horn+sordina,grave,301,322,21,1231,1099,132,0.973,/o/
Bassoon+sordina,haut_médium,Horn+sordina,aigu,559,538,21,1089,1240,151,0.972,/a/
Bass_Tuba,aigu,Contrabass+sordina,suraigu,279,258,21,1016,1308,292,0.972,/o/
Clarinet_Bb,chalumeau,Horn,pédale,215,236,21,1315,911,404,0.971,/u/
Violoncello+sordina,grave,Violoncello_Ensemble,médium,183,204,21,1225,1211,14,0.970,/u/
Trombone,aigu,Trombone+sordina_harmon,aigu,430,409,21,1027,1105,78,0.969,/å/
Bass_Flute,médium,Viola+sordina,grave,312,333,21,1132,1141,9,0.968,/o/
Guitar,grave,Violoncello_Ensemble+sordina,médium,183,204,21,1036,1180,144,0.968,/u/
Guitar,grave,Violoncello_Ensemble+sordina,suraigu,183,204,21,1036,1280,244,0.968,/u/
Guitar,aigu,Violoncello_Ensemble+sordina,médium,183,204,21,1042,1180,138,0.968,/u/
Guitar,aigu,Violoncello_Ensemble+sordina,suraigu,183,204,21,1042,1280,238,0.968,/u/
Viola+sordina,médium,Viola_Ensemble+sordina,aigu,322,301,21,1151,1244,93,0.965,/o/
Viola+sordina,médium,Viola_Ensemble+sordina,suraigu,322,301,21,1151,1061,90,0.965,/o/
Contrabass,suraigu,Contrebasson,grave,247,226,21,1275,1101,174,0.965,/u/
Contrabass,suraigu,Contrebasson,médium,247,226,21,1275,1078,197,0.965,/u/
Contrabass,suraigu,Contrebasson,aigu,247,226,21,1275,1127,148,0.965,/u/
Marimba,médium,Viola_Ensemble+sordina,aigu,322,301,21,1025,1244,219,0.964,/o/
Marimba,médium,Viola_Ensemble+sordina,suraigu,322,301,21,1025,1061,36,0.964,/o/
Guitar,grave,Violoncello_Ensemble,médium,183,204,21,1036,1211,175,0.964,/u/
Guitar,aigu,Violoncello_Ensemble,médium,183,204,21,1042,1211,169,0.964,/u/
Horn,médium,Viola_Ensemble+sordina,aigu,322,301,21,1006,1244,238,0.963,/o/
Horn,médium,Viola_Ensemble+sordina,suraigu,322,301,21,1006,1061,55,0.963,/o/
Bass_Tuba,suraigu,Horn+sordina,médium,333,312,21,1042,1161,119,0.960,/o/
Bass_Clarinet_Bb,grave,Violoncello_Ensemble,grave,172,193,21,1257,1155,102,0.960,/u/
Bass_Clarinet_Bb,médium,Violoncello_Ensemble,médium,183,204,21,1270,1211,59,0.960,/u/
Guitar,grave,Harp,grave,183,204,21,1036,952,84,0.958,/u/
Guitar,aigu,Harp,grave,183,204,21,1042,952,90,0.958,/u/
Contrabass_Flute,médium,Viola_Ensemble,médium,333,312,21,1128,1339,211,0.957,/o/
Contrabass+sordina,aigu,Violoncello+sordina,médium,172,193,21,1256,1226,30,0.955,/u/
Viola,suraigu,Violin+sordina,suraigu,355,376,21,1090,1012,78,0.949,/o/
Guitar,médium,Horn,pédale,215,236,21,1002,911,91,0.949,/u/
Trombone+sordina_harmon,médium,Violoncello_Ensemble,médium,183,204,21,1075,1211,136,0.949,/u/
Bass_Clarinet_Bb,grave,Violoncello_Ensemble+sordina,grave,172,193,21,1257,1211,46,0.948,/u/
Bass_Clarinet_Bb,médium,Violoncello_Ensemble+sordina,médium,183,204,21,1270,1180,90,0.948,/u/
Bass_Clarinet_Bb,médium,Violoncello_Ensemble+sordina,suraigu,183,204,21,1270,1280,10,0.948,/u/
Contrabass_Ensemble,médium,Violoncello+sordina,médium,172,193,21,1170,1226,56,0.946,/u/
Guitar,médium,Violoncello,aigu,215,236,21,1002,1253,251,0.944,/u/
Harp,grave,Violoncello+sordina,grave,204,183,21,952,1225,273,0.944,/u/
Contrebasson,grave,Violoncello_Ensemble,aigu,226,247,21,1101,1281,180,0.943,/u/
Contrebasson,médium,Violoncello_Ensemble,aigu,226,247,21,1078,1281,203,0.943,/u/
Contrebasson,aigu,Violoncello_Ensemble,aigu,226,247,21,1127,1281,154,0.943,/u/
Oboe,grave,Trumpet_C+sordina_straight,suraigu,1475,1496,21,1430,1442,12,0.943,/e/–/i/
Trombone+sordina_harmon,médium,Violoncello_Ensemble+sordina,médium,183,204,21,1075,1180,105,0.942,/u/
Trombone+sordina_harmon,médium,Violoncello_Ensemble+sordina,suraigu,183,204,21,1075,1280,205,0.942,/u/
Contrabass,aigu,Violoncello+sordina,médium,172,193,21,1252,1226,26,0.942,/u/
Bassoon+sordina,haut_médium,Trombone+sordina_straight,grave,559,538,21,1089,969,120,0.941,/a/
Viola,grave,Viola+sordina,aigu,366,387,21,1305,1050,255,0.940,/o/
Bass_Tuba,médium,Guitar,grave,204,183,21,1001,1036,35,0.939,/u/
Bass_Tuba,médium,Guitar,aigu,204,183,21,1001,1042,41,0.939,/u/
Contrabass+sordina,aigu,Violoncello_Ensemble+sordina,grave,172,193,21,1256,1211,45,0.933,/u/
Guitar,médium,Violoncello+sordina_piombo,suraigu,215,236,21,1002,1247,245,0.931,/u/
Bass_Clarinet_Bb,grave,Violoncello+sordina,médium,172,193,21,1257,1226,31,0.927,/u/
Viola_Ensemble+sordina,grave,Violoncello+sordina,aigu,279,258,21,1214,1166,48,0.927,/o/
Viola_Ensemble+sordina,grave,Violoncello+sordina,suraigu,279,258,21,1214,1181,33,0.927,/o/
Contrabass+sordina,aigu,Violoncello_Ensemble,grave,172,193,21,1256,1155,101,0.926,/u/
Bass_Tuba,médium,Violoncello+sordina,grave,204,183,21,1001,1225,224,0.925,/u/
Bass_Tuba,aigu,Violoncello+sordina,aigu,279,258,21,1016,1166,150,0.925,/o/
Bass_Tuba,aigu,Violoncello+sordina,suraigu,279,258,21,1016,1181,165,0.925,/o/
Contrabass_Ensemble,médium,Violoncello_Ensemble+sordina,grave,172,193,21,1170,1211,41,0.922,/u/
Contrabass,aigu,Violoncello_Ensemble+sordina,grave,172,193,21,1252,1211,41,0.919,/u/
Contrabass,suraigu,Violoncello_Ensemble+sordina,aigu,247,226,21,1275,1244,31,0.919,/u/
Contrabass_Ensemble,médium,Violoncello_Ensemble,grave,172,193,21,1170,1155,15,0.918,/u/
Viola_Ensemble,grave,Violin+sordina,suraigu,355,376,21,1304,1012,292,0.914,/o/
Bass_Tuba,suraigu,Vibraphone,grave,333,312,21,1042,1130,88,0.913,/o/
Contrabass,aigu,Violoncello_Ensemble,grave,172,193,21,1252,1155,97,0.913,/u/
Sax_Alto,grave,Violin+sordina,suraigu,355,376,21,1250,1012,238,0.911,/o/
Contrabass_Flute,médium,Vibraphone,grave,333,312,21,1128,1130,2,0.910,/o/
Bass_Trombone,pédale,Violin,suraigu,495,516,21,1070,1230,160,0.909,/å/
Harp,suraigu,Horn,médium,301,322,21,1231,1006,225,0.908,/o/
Contrabass+sordina,aigu,Violoncello,grave,172,193,21,1256,1149,107,0.906,/u/
Contrabass+sordina,aigu,Violoncello,médium,172,193,21,1256,1202,54,0.906,/u/
Viola,médium,Viola_Ensemble+sordina,aigu,322,301,21,1315,1244,71,0.905,/o/
Viola,médium,Viola_Ensemble+sordina,suraigu,322,301,21,1315,1061,254,0.905,/o/
Vibraphone,grave,Viola+sordina,grave,312,333,21,1130,1141,11,0.900,/o/
Contrabass_Ensemble,médium,Violoncello,grave,172,193,21,1170,1149,21,0.899,/u/
Contrabass_Ensemble,médium,Violoncello,médium,172,193,21,1170,1202,32,0.899,/u/
Contrabass,aigu,Violoncello,grave,172,193,21,1252,1149,103,0.893,/u/
Contrabass,aigu,Violoncello,médium,172,193,21,1252,1202,50,0.893,/u/
Contrabass_Tuba,grave,Horn,pédale,215,236,21,935,911,24,0.892,/u/
Contrabass_Tuba,médium,Horn,pédale,215,236,21,964,911,53,0.892,/u/
Contrabass_Tuba,aigu,Horn,grave,398,419,21,999,961,38,0.892,/å/
Trombone,médium,Violin_Ensemble,aigu,602,581,21,1008,1237,229,0.892,/a/
Oboe+sordina,aigu,Trumpet_C+sordina_wah,aigu,904,925,21,1056,1035,21,0.891,/e/–/i/
Bass_Tuba,grave,Horn,pédale,215,236,21,978,911,67,0.890,/u/
Viola,aigu,Violoncello,suraigu,398,419,21,1231,1275,44,0.885,/å/
Trombone+sordina_straight,aigu,Viola,aigu,419,398,21,988,1231,243,0.881,/å/
Trumpet_C+sordina_wah,médium,Viola+sordina,grave,312,333,21,1139,1141,2,0.880,/o/
Contrabass_Tuba,grave,Violoncello,aigu,215,236,21,935,1253,318,0.879,/u/
Contrabass_Tuba,médium,Violoncello,aigu,215,236,21,964,1253,289,0.879,/u/
Contrabass_Tuba,aigu,Violoncello,suraigu,398,419,21,999,1275,276,0.879,/å/
Clarinet_Eb,médium,Oboe,grave,1496,1475,21,1417,1430,13,0.879,/e/–/i/
Bass_Clarinet_Bb,grave,Contrabass_Ensemble,aigu,172,193,21,1257,1214,43,0.877,/u/
Harp,grave,Trombone+sordina_harmon,médium,204,183,21,952,1075,123,0.876,/u/
Horn+sordina,grave,Viola_Ensemble+sordina,aigu,322,301,21,1099,1244,145,0.875,/o/
Horn+sordina,grave,Viola_Ensemble+sordina,suraigu,322,301,21,1099,1061,38,0.875,/o/
Contrabass+sordina,suraigu,Viola_Ensemble+sordina,grave,258,279,21,1308,1214,94,0.874,/o/
Horn,grave,Viola,aigu,419,398,21,961,1231,270,0.874,/å/
Harp,suraigu,Marimba,médium,301,322,21,1231,1025,206,0.873,/o/
Bass_Tuba,grave,Violoncello,aigu,215,236,21,978,1253,275,0.873,/u/
Bass_Clarinet_Bb,grave,Harp,médium,172,193,21,1257,1053,204,0.873,/u/
Bass_Clarinet_Bb,médium,Harp,grave,183,204,21,1270,952,318,0.873,/u/
Contrabass_Tuba,aigu,Trombone+sordina_straight,aigu,398,419,21,999,988,11,0.871,/å/
Viola+sordina,aigu,Violin,médium,387,366,21,1050,1111,61,0.871,/o/
Contrabass_Tuba,grave,Violoncello+sordina_piombo,suraigu,215,236,21,935,1247,312,0.869,/u/
Contrabass_Tuba,médium,Violoncello+sordina_piombo,suraigu,215,236,21,964,1247,283,0.869,/u/
Bass_Trombone,pédale,Bassoon,bas_médium,495,516,21,1070,1152,82,0.867,/å/
Bass_Trombone,aigu,Bassoon,grave,527,506,21,1062,1127,65,0.867,/å/
Oboe,aigu,Trumpet_C+sordina_wah,aigu,904,925,21,1176,1035,141,0.864,/e/–/i/
Bass_Tuba,grave,Violoncello+sordina_piombo,suraigu,215,236,21,978,1247,269,0.864,/u/
Bass_Tuba,aigu,Violoncello+sordina_piombo,aigu,279,258,21,1016,1170,154,0.864,/o/
Oboe,grave,Trumpet_C+sordina_cup,grave,1475,1496,21,1430,1619,189,0.863,/e/–/i/
Oboe,grave,Trumpet_C+sordina_cup,médium,1475,1496,21,1430,1617,187,0.863,/e/–/i/
Oboe,grave,Trumpet_C+sordina_cup,aigu,1475,1496,21,1430,1609,179,0.863,/e/–/i/
Oboe,grave,Trumpet_C+sordina_cup,suraigu,1475,1496,21,1430,1636,206,0.863,/e/–/i/
Bass_Tuba+sordina,suraigu,Viola_Ensemble,aigu,387,366,21,1122,1299,177,0.862,/o/
Harp,aigu,Viola_Ensemble+sordina,aigu,322,301,21,987,1244,257,0.858,/o/
Harp,aigu,Viola_Ensemble+sordina,suraigu,322,301,21,987,1061,74,0.858,/o/
Bass_Tuba,médium,Trombone+sordina_harmon,médium,204,183,21,1001,1075,74,0.858,/u/
Contrabass_Flute,médium,Trumpet_C+sordina_wah,médium,333,312,21,1128,1139,11,0.853,/o/
Contrabass_Flute,médium,Horn+sordina,médium,333,312,21,1128,1161,33,0.852,/o/
Horn+sordina,médium,Viola+sordina,grave,312,333,21,1161,1141,20,0.851,/o/
Flute,médium,Oboe,grave,1496,1475,21,1412,1430,18,0.850,/e/–/i/
Flute,suraigu,Oboe,grave,1496,1475,21,1424,1430,6,0.850,/e/–/i/
Clarinet_Bb,gorge,Violin+sordina,suraigu,355,376,21,1391,1012,379,0.847,/o/
Bass_Clarinet_Bb,médium,Bass_Tuba,médium,183,204,21,1270,1001,269,0.846,/u/
Bass_Trombone,aigu,Bassoon+sordina,bas_médium,527,506,21,1062,1141,79,0.843,/å/
Bass_Flute,aigu,Trumpet_C+sordina_wah,aigu,904,925,21,1110,1035,75,0.841,/e/–/i/
Violin+sordina,grave,Violoncello,suraigu,398,419,21,1234,1275,41,0.833,/å/
Harp,suraigu,Viola+sordina,médium,301,322,21,1231,1151,80,0.832,/o/
Bass_Flute,grave,Bass_Tuba,aigu,258,279,21,1111,1016,95,0.826,/o/
Bass_Flute,médium,Bass_Tuba,suraigu,312,333,21,1132,1042,90,0.826,/o/
Bass_Tuba+sordina,suraigu,Viola,grave,387,366,21,1122,1305,183,0.825,/o/
Clarinet_Eb,chalumeau,Viola_Ensemble+sordina,aigu,322,301,21,1462,1244,218,0.818,/o/
Clarinet_Eb,chalumeau,Viola_Ensemble+sordina,suraigu,322,301,21,1462,1061,401,0.818,/o/
Horn,grave,Violin+sordina,grave,419,398,21,961,1234,273,0.814,/å/
Trombone+sordina_straight,aigu,Violin+sordina,grave,419,398,21,988,1234,246,0.813,/å/
Bass_Trombone,pédale,Horn+sordina,pédale,495,516,21,1070,1038,32,0.807,/å/
Bass_Clarinet_Bb,médium,Viola+sordina_piombo,aigu,183,204,21,1270,1126,144,0.805,/u/
Trombone+sordina_harmon,médium,Viola+sordina_piombo,aigu,183,204,21,1075,1126,51,0.804,/u/
Trumpet_C+sordina_harmon,grave,Viola+sordina_piombo,aigu,183,204,21,1287,1126,161,0.801,/u/
Bass_Tuba,suraigu,Viola_Ensemble,médium,333,312,21,1042,1339,297,0.773,/o/
Harp,suraigu,Viola,médium,301,322,21,1231,1315,84,0.767,/o/
Clarinet_Eb,chalumeau,Trumpet_C+sordina_harmon,médium,322,301,21,1462,1353,109,0.751,/o/
Bass_Tuba+sordina,aigu,Violin,aigu,549,570,21,1080,1221,141,0.739,/a/
Bass_Tuba+sordina,suraigu,Violin,médium,387,366,21,1122,1111,11,0.739,/o/
Viola+sordina_piombo,aigu,Violoncello+sordina,grave,204,183,21,1126,1225,99,0.739,/u/
Sax_Alto,médium,Trombone+sordina_wah,médium,613,592,21,1331,1082,249,0.725,/a/
Guitar,grave,Viola+sordina_piombo,aigu,183,204,21,1036,1126,90,0.722,/u/
Guitar,aigu,Viola+sordina_piombo,aigu,183,204,21,1042,1126,84,0.722,/u/
Sax_Alto,médium,Trombone+sordina_straight,médium,613,592,21,1331,979,352,0.712,/a/
Trumpet_C+sordina_harmon,médium,Viola,médium,301,322,21,1353,1315,38,0.690,/o/
Bassoon,haut_médium,Sax_Alto,médium,592,613,21,1175,1331,156,0.676,/a/
Bass_Tuba,suraigu,Trumpet_C+sordina_wah,médium,333,312,21,1042,1139,97,0.675,/o/
Clarinet_Eb,chalumeau,Harp,suraigu,322,301,21,1462,1231,231,0.644,/o/
Trumpet_C+sordina_harmon,médium,Viola+sordina,médium,301,322,21,1353,1151,202,0.630,/o/
Marimba,médium,Trumpet_C+sordina_harmon,médium,322,301,21,1025,1353,328,0.572,/o/
Trumpet_C+sordina_harmon,grave,Violoncello_Ensemble,médium,183,204,21,1287,1211,76,0.550,/u/
Trumpet_C+sordina_harmon,grave,Violoncello_Ensemble+sordina,médium,183,204,21,1287,1180,107,0.548,/u/
Trumpet_C+sordina_harmon,grave,Violoncello_Ensemble+sordina,suraigu,183,204,21,1287,1280,7,0.548,/u/
Horn,médium,Trumpet_C+sordina_harmon,médium,322,301,21,1006,1353,347,0.533,/o/
Horn+sordina,grave,Trumpet_C+sordina_harmon,médium,322,301,21,1099,1353,254,0.421,/o/
Harp,grave,Trumpet_C+sordina_harmon,grave,204,183,21,952,1287,335,0.412,/u/
Harp,aigu,Trumpet_C+sordina_harmon,médium,322,301,21,987,1353,366,0.412,/o/
Bass_Tuba,médium,Trumpet_C+sordina_harmon,grave,204,183,21,1001,1287,286,0.387,/u/
Bass_Tuba+sordina,grave,Bassoon+sordina,grave,462,484,22,1060,1047,13,0.996,/å/
Violoncello_Ensemble,médium,Violoncello_Ensemble+sordina,aigu,204,226,22,1211,1244,33,0.991,/u/
Guitar,médium,Violoncello+sordina,médium,215,193,22,1002,1226,224,0.990,/u/
Violoncello,aigu,Violoncello+sordina_piombo,aigu,236,258,22,1253,1170,83,0.990,/u/
Bassoon,grave,Bassoon+sordina,grave,506,484,22,1127,1047,80,0.988,/å/
Bassoon,haut_médium,Bassoon+sordina,aigu,592,570,22,1175,1079,96,0.988,/a/
Bass_Flute,médium,Viola_Ensemble+sordina,médium,312,290,22,1132,1261,129,0.987,/o/
Marimba,grave,Trombone+sordina_harmon,médium,161,183,22,1111,1075,36,0.987,/u/
Contrabass_Ensemble,aigu,Contrabass_Tuba,grave,193,215,22,1214,935,279,0.986,/u/
Contrabass_Ensemble,aigu,Contrabass_Tuba,médium,193,215,22,1214,964,250,0.986,/u/
Bass_Tuba,grave,Contrabass_Ensemble,aigu,215,193,22,978,1214,236,0.986,/u/
Bass_Tuba,grave,Harp,médium,215,193,22,978,1053,75,0.985,/u/
Bass_Tuba,aigu,Harp,suraigu,279,301,22,1016,1231,215,0.985,/o/
Clarinet_Bb,chalumeau,Violoncello,grave,215,193,22,1315,1149,166,0.982,/u/
Clarinet_Bb,chalumeau,Violoncello,médium,215,193,22,1315,1202,113,0.982,/u/
Contrabass_Tuba,grave,Harp,médium,215,193,22,935,1053,118,0.982,/u/
Contrabass_Tuba,médium,Harp,médium,215,193,22,964,1053,89,0.982,/u/
Bass_Clarinet_Bb,grave,Trombone+sordina_harmon,grave,172,150,22,1257,1072,185,0.980,/u/
Violin,médium,Violin+sordina,aigu,366,344,22,1111,1091,20,0.979,/o/
Viola+sordina,grave,Viola_Ensemble,grave,333,355,22,1141,1304,163,0.979,/o/
Contrebasson,grave,Harp,grave,226,204,22,1101,952,149,0.978,/u/
Contrebasson,médium,Harp,grave,226,204,22,1078,952,126,0.978,/u/
Contrebasson,aigu,Harp,grave,226,204,22,1127,952,175,0.978,/u/
Bass_Clarinet_Bb,grave,Violoncello+sordina_piombo,grave,172,150,22,1257,1019,238,0.978,/u/
Bass_Clarinet_Bb,médium,Violoncello+sordina_piombo,médium,183,161,22,1270,1087,183,0.978,/u/
Bass_Flute,grave,Violoncello+sordina_piombo,suraigu,258,236,22,1111,1247,136,0.975,/u/
Horn,aigu,Violoncello_Ensemble,suraigu,484,462,22,1014,1224,210,0.974,/å/
Viola,grave,Violin_Ensemble+sordina,grave,366,344,22,1305,1203,102,0.974,/o/
Viola,grave,Violin_Ensemble+sordina,médium,366,344,22,1305,1140,165,0.974,/o/
Viola,grave,Violin_Ensemble+sordina,aigu,366,344,22,1305,1022,283,0.974,/o/
Viola,grave,Violin_Ensemble+sordina,suraigu,366,344,22,1305,1108,197,0.974,/o/
Viola,médium,Violin_Ensemble+sordina,grave,322,344,22,1315,1203,112,0.974,/o/
Viola,médium,Violin_Ensemble+sordina,médium,322,344,22,1315,1140,175,0.974,/o/
Viola,médium,Violin_Ensemble+sordina,aigu,322,344,22,1315,1022,293,0.974,/o/
Viola,médium,Violin_Ensemble+sordina,suraigu,322,344,22,1315,1108,207,0.974,/o/
Bass_Clarinet_Bb,grave,Contrabass_Flute,grave,172,150,22,1257,1109,148,0.973,/u/
Trombone+sordina_harmon,médium,Violoncello+sordina_piombo,médium,183,161,22,1075,1087,12,0.971,/u/
Bassoon,grave,Horn,aigu,506,484,22,1127,1014,113,0.970,/å/
Clarinet_Bb,gorge,Contrabass_Flute,médium,355,333,22,1391,1128,263,0.969,/o/
Bass_Flute,grave,Violoncello,aigu,258,236,22,1111,1253,142,0.969,/u/
Clarinet_Eb,chalumeau,Violin+sordina,aigu,322,344,22,1462,1091,371,0.969,/o/
Guitar,médium,Violoncello_Ensemble+sordina,grave,215,193,22,1002,1211,209,0.968,/u/
Viola,grave,Violin_Ensemble,médium,366,344,22,1305,1225,80,0.967,/o/
Viola,médium,Violin_Ensemble,médium,322,344,22,1315,1225,90,0.967,/o/
Viola_Ensemble,aigu,Violin_Ensemble+sordina,grave,366,344,22,1299,1203,96,0.967,/o/
Viola_Ensemble,aigu,Violin_Ensemble+sordina,médium,366,344,22,1299,1140,159,0.967,/o/
Viola_Ensemble,aigu,Violin_Ensemble+sordina,aigu,366,344,22,1299,1022,277,0.967,/o/
Viola_Ensemble,aigu,Violin_Ensemble+sordina,suraigu,366,344,22,1299,1108,191,0.967,/o/
Bass_Clarinet_Bb,médium,Marimba,grave,183,161,22,1270,1111,159,0.966,/u/
Trombone+sordina_wah,aigu,Viola+sordina,aigu,409,387,22,1156,1050,106,0.966,/o/
Horn,pédale,Violoncello+sordina_piombo,aigu,236,258,22,911,1170,259,0.966,/u/
Trombone+sordina_harmon,aigu,Viola+sordina,aigu,409,387,22,1105,1050,55,0.965,/o/
Guitar,médium,Violoncello_Ensemble,grave,215,193,22,1002,1155,153,0.964,/u/
English_Horn,aigu,Trumpet_C+sordina_wah,aigu,947,925,22,1140,1035,105,0.963,/e/–/i/
Violin,grave,Violin_Ensemble,grave,462,484,22,1208,1295,87,0.963,/å/
Violin,médium,Violin_Ensemble,médium,366,344,22,1111,1225,114,0.963,/o/
Clarinet_Bb,chalumeau,Violoncello_Ensemble,grave,215,193,22,1315,1155,160,0.962,/u/
Clarinet_Bb,gorge,Viola+sordina,grave,355,333,22,1391,1141,250,0.962,/o/
Bass_Tuba,médium,Contrebasson,grave,204,226,22,1001,1101,100,0.962,/u/
Bass_Tuba,médium,Contrebasson,médium,204,226,22,1001,1078,77,0.962,/u/
Bass_Tuba,médium,Contrebasson,aigu,204,226,22,1001,1127,126,0.962,/u/
Bass_Tuba+sordina,grave,Horn,aigu,462,484,22,1060,1014,46,0.961,/å/
Bassoon+sordina,grave,Violoncello_Ensemble,suraigu,484,462,22,1047,1224,177,0.959,/å/
Flute,grave,Viola,grave,344,366,22,1377,1305,72,0.958,/o/
Flute,grave,Viola,médium,344,322,22,1377,1315,62,0.958,/o/
Guitar,médium,Harp,médium,215,193,22,1002,1053,51,0.958,/u/
Bass_Trombone,grave,Trombone,pédale,775,753,22,1129,996,133,0.958,/a/
Bassoon+sordina,bas_médium,Horn,aigu,506,484,22,1141,1014,127,0.957,/å/
Contrabass_Flute,médium,Viola_Ensemble,grave,333,355,22,1128,1304,176,0.957,/o/
Bassoon,bas_médium,Horn+sordina,aigu,516,538,22,1152,1240,88,0.957,/a/
Contrabass+sordina,grave,Guitar,grave,161,183,22,1149,1036,113,0.956,/u/
Contrabass+sordina,grave,Guitar,aigu,161,183,22,1149,1042,107,0.956,/u/
Contrabass+sordina,médium,Guitar,grave,161,183,22,1205,1036,169,0.956,/u/
Contrabass+sordina,médium,Guitar,aigu,161,183,22,1205,1042,163,0.956,/u/
Contrabass+sordina,grave,Violoncello+sordina,grave,161,183,22,1149,1225,76,0.955,/u/
Contrabass+sordina,médium,Violoncello+sordina,grave,161,183,22,1205,1225,20,0.955,/u/
Bassoon,bas_médium,Trombone+sordina_straight,grave,516,538,22,1152,969,183,0.954,/a/
Bassoon,aigu,Trombone+sordina_straight,médium,570,592,22,1099,979,120,0.954,/a/
Clarinet_Eb,chalumeau,Flute,grave,322,344,22,1462,1377,85,0.953,/o/
Contrabass_Ensemble,grave,Guitar,grave,161,183,22,1120,1036,84,0.953,/u/
Contrabass_Ensemble,grave,Guitar,aigu,161,183,22,1120,1042,78,0.953,/u/
Contrabass_Ensemble,aigu,Guitar,médium,193,215,22,1214,1002,212,0.953,/u/
Clarinet_Eb,chalumeau,Violin_Ensemble,médium,322,344,22,1462,1225,237,0.952,/o/
Clarinet_Bb,chalumeau,Violoncello_Ensemble+sordina,grave,215,193,22,1315,1211,104,0.951,/u/
Violoncello,aigu,Violoncello+sordina,aigu,236,258,22,1253,1166,87,0.950,/u/
Violoncello,aigu,Violoncello+sordina,suraigu,236,258,22,1253,1181,72,0.950,/u/
Viola,grave,Violin+sordina,aigu,366,344,22,1305,1091,214,0.949,/o/
Viola,médium,Violin+sordina,aigu,322,344,22,1315,1091,224,0.949,/o/
Viola,aigu,Violin+sordina,suraigu,398,376,22,1231,1012,219,0.949,/o/
Contrebasson,grave,Violoncello_Ensemble+sordina,médium,226,204,22,1101,1180,79,0.949,/u/
Contrebasson,grave,Violoncello_Ensemble+sordina,suraigu,226,204,22,1101,1280,179,0.949,/u/
Contrebasson,médium,Violoncello_Ensemble+sordina,médium,226,204,22,1078,1180,102,0.949,/u/
Contrebasson,médium,Violoncello_Ensemble+sordina,suraigu,226,204,22,1078,1280,202,0.949,/u/
Contrebasson,aigu,Violoncello_Ensemble+sordina,médium,226,204,22,1127,1180,53,0.949,/u/
Contrebasson,aigu,Violoncello_Ensemble+sordina,suraigu,226,204,22,1127,1280,153,0.949,/u/
Bass_Flute,grave,Horn,pédale,258,236,22,1111,911,200,0.948,/u/
Contrabass_Ensemble,grave,Violoncello+sordina,grave,161,183,22,1120,1225,105,0.946,/u/
Viola+sordina,médium,Violin_Ensemble+sordina,grave,322,344,22,1151,1203,52,0.946,/o/
Viola+sordina,médium,Violin_Ensemble+sordina,médium,322,344,22,1151,1140,11,0.946,/o/
Viola+sordina,médium,Violin_Ensemble+sordina,aigu,322,344,22,1151,1022,129,0.946,/o/
Viola+sordina,médium,Violin_Ensemble+sordina,suraigu,322,344,22,1151,1108,43,0.946,/o/
Violoncello+sordina,grave,Violoncello+sordina_piombo,médium,183,161,22,1225,1087,138,0.945,/u/
Violoncello+sordina,aigu,Violoncello+sordina_piombo,suraigu,258,236,22,1166,1247,81,0.945,/u/
Violoncello+sordina,suraigu,Violoncello+sordina_piombo,suraigu,258,236,22,1181,1247,66,0.945,/u/
Viola_Ensemble,médium,Viola_Ensemble+sordina,médium,312,290,22,1339,1261,78,0.944,/o/
Trumpet_C+sordina_wah,médium,Viola+sordina_piombo,médium,312,290,22,1139,1247,108,0.944,/o/
Contrabass,grave,Guitar,grave,161,183,22,1207,1036,171,0.944,/u/
Contrabass,grave,Guitar,aigu,161,183,22,1207,1042,165,0.944,/u/
Contrabass,médium,Guitar,grave,161,183,22,1205,1036,169,0.944,/u/
Contrabass,médium,Guitar,aigu,161,183,22,1205,1042,163,0.944,/u/
Guitar,médium,Violoncello,grave,215,193,22,1002,1149,147,0.944,/u/
Guitar,médium,Violoncello,médium,215,193,22,1002,1202,200,0.944,/u/
Horn,pédale,Violoncello+sordina,aigu,236,258,22,911,1166,255,0.944,/u/
Horn,pédale,Violoncello+sordina,suraigu,236,258,22,911,1181,270,0.944,/u/
Trombone+sordina_cup,aigu,Viola+sordina,suraigu,807,829,22,1020,932,88,0.944,/e/–/i/
Contrebasson,grave,Violoncello_Ensemble,médium,226,204,22,1101,1211,110,0.943,/u/
Contrebasson,médium,Violoncello_Ensemble,médium,226,204,22,1078,1211,133,0.943,/u/
Contrebasson,aigu,Violoncello_Ensemble,médium,226,204,22,1127,1211,84,0.943,/u/
Flute,grave,Violin,médium,344,366,22,1377,1111,266,0.942,/o/
Contrabass,grave,Violoncello+sordina,grave,161,183,22,1207,1225,18,0.942,/u/
Contrabass,médium,Violoncello+sordina,grave,161,183,22,1205,1225,20,0.942,/u/
Bassoon+sordina,aigu,Trombone+sordina_straight,médium,570,592,22,1079,979,100,0.941,/a/
Viola,suraigu,Viola+sordina,grave,355,333,22,1090,1141,51,0.940,/o/
Vibraphone,grave,Viola_Ensemble+sordina,médium,312,290,22,1130,1261,131,0.934,/o/
Guitar,grave,Violoncello+sordina_piombo,médium,183,161,22,1036,1087,51,0.931,/u/
Guitar,aigu,Violoncello+sordina_piombo,médium,183,161,22,1042,1087,45,0.931,/u/
Viola_Ensemble,aigu,Violin_Ensemble,médium,366,344,22,1299,1225,74,0.931,/o/
Clarinet_Bb,chalumeau,Violoncello+sordina,médium,215,193,22,1315,1226,89,0.929,/u/
Contrabass_Tuba,grave,Violoncello+sordina,médium,215,193,22,935,1226,291,0.929,/u/
Contrabass_Tuba,médium,Violoncello+sordina,médium,215,193,22,964,1226,262,0.929,/u/
Bass_Tuba+sordina,suraigu,Trombone+sordina_harmon,aigu,387,409,22,1122,1105,17,0.928,/o/
Bass_Trombone,pédale,Trombone+sordina_wah,grave,495,473,22,1070,1034,36,0.927,/å/
Bassoon,aigu,Trombone+sordina_wah,médium,570,592,22,1099,1082,17,0.927,/a/
Trombone,grave,Violoncello_Ensemble,suraigu,484,462,22,1007,1224,217,0.926,/å/
Bass_Tuba,grave,Violoncello+sordina,médium,215,193,22,978,1226,248,0.925,/u/
Oboe+sordina,grave,Trumpet_C+sordina_straight,médium,1464,1442,22,1359,1428,69,0.922,/e/–/i/
Flute,grave,Viola_Ensemble,aigu,344,366,22,1377,1299,78,0.922,/o/
Trumpet_C,aigu,Violin_Ensemble,grave,462,484,22,1261,1295,34,0.920,/å/
Violin,médium,Violin_Ensemble+sordina,grave,366,344,22,1111,1203,92,0.920,/o/
Violin,médium,Violin_Ensemble+sordina,médium,366,344,22,1111,1140,29,0.920,/o/
Violin,médium,Violin_Ensemble+sordina,aigu,366,344,22,1111,1022,89,0.920,/o/
Violin,médium,Violin_Ensemble+sordina,suraigu,366,344,22,1111,1108,3,0.920,/o/
Bassoon,grave,Trombone,grave,506,484,22,1127,1007,120,0.918,/å/
Harp,grave,Violoncello_Ensemble+sordina,aigu,204,226,22,952,1244,292,0.918,/u/
Bassoon+sordina,aigu,Trombone+sordina_wah,médium,570,592,22,1079,1082,3,0.917,/a/
Contrabass_Flute,médium,Viola,suraigu,333,355,22,1128,1090,38,0.917,/o/
Bass_Tuba+sordina,suraigu,Trombone+sordina_wah,aigu,387,409,22,1122,1156,34,0.916,/o/
Horn+sordina,pédale,Trombone+sordina_straight,grave,516,538,22,1038,969,69,0.915,/a/
Viola_Ensemble,aigu,Violin+sordina,aigu,366,344,22,1299,1091,208,0.914,/o/
Guitar,grave,Marimba,grave,183,161,22,1036,1111,75,0.913,/u/
Guitar,aigu,Marimba,grave,183,161,22,1042,1111,69,0.913,/u/
Marimba,grave,Violoncello+sordina,grave,161,183,22,1111,1225,114,0.912,/u/
Viola+sordina,médium,Violin_Ensemble,médium,322,344,22,1151,1225,74,0.906,/o/
Contrabass+sordina,suraigu,Violoncello,aigu,258,236,22,1308,1253,55,0.906,/u/
Contrabass_Tuba,grave,Violoncello_Ensemble+sordina,grave,215,193,22,935,1211,276,0.904,/u/
Contrabass_Tuba,médium,Violoncello_Ensemble+sordina,grave,215,193,22,964,1211,247,0.904,/u/
Bass_Tuba+sordina,grave,Trombone,grave,462,484,22,1060,1007,53,0.903,/å/
Clarinet_Eb,chalumeau,Violin_Ensemble+sordina,grave,322,344,22,1462,1203,259,0.902,/o/
Clarinet_Eb,chalumeau,Violin_Ensemble+sordina,médium,322,344,22,1462,1140,322,0.902,/o/
Clarinet_Eb,chalumeau,Violin_Ensemble+sordina,aigu,322,344,22,1462,1022,440,0.902,/o/
Clarinet_Eb,chalumeau,Violin_Ensemble+sordina,suraigu,322,344,22,1462,1108,354,0.902,/o/
Contrabass+sordina,aigu,Violoncello+sordina_piombo,grave,172,150,22,1256,1019,237,0.901,/u/
Contrabass+sordina,suraigu,Violoncello+sordina_piombo,suraigu,258,236,22,1308,1247,61,0.901,/u/
Bassoon+sordina,bas_médium,Trombone,grave,506,484,22,1141,1007,134,0.900,/å/
Bass_Tuba,grave,Violoncello_Ensemble+sordina,grave,215,193,22,978,1211,233,0.899,/u/
Bass_Tuba,médium,Violoncello_Ensemble+sordina,aigu,204,226,22,1001,1244,243,0.899,/u/
Contrabass_Tuba,grave,Violoncello_Ensemble,grave,215,193,22,935,1155,220,0.898,/u/
Contrabass_Tuba,médium,Violoncello_Ensemble,grave,215,193,22,964,1155,191,0.898,/u/
Flute,grave,Viola+sordina,médium,344,322,22,1377,1151,226,0.898,/o/
Contrabass+sordina,suraigu,Horn,pédale,258,236,22,1308,911,397,0.897,/u/
Marimba,médium,Violin_Ensemble+sordina,grave,322,344,22,1025,1203,178,0.894,/o/
Marimba,médium,Violin_Ensemble+sordina,médium,322,344,22,1025,1140,115,0.894,/o/
Marimba,médium,Violin_Ensemble+sordina,aigu,322,344,22,1025,1022,3,0.894,/o/
Marimba,médium,Violin_Ensemble+sordina,suraigu,322,344,22,1025,1108,83,0.894,/o/
Bass_Tuba,grave,Violoncello_Ensemble,grave,215,193,22,978,1155,177,0.893,/u/
Viola+sordina,grave,Violin+sordina,médium,333,355,22,1141,1175,34,0.891,/o/
Viola+sordina,médium,Violin+sordina,aigu,322,344,22,1151,1091,60,0.891,/o/
Contrabass_Ensemble,médium,Violoncello+sordina_piombo,grave,172,150,22,1170,1019,151,0.889,/u/
Contrabass,aigu,Violoncello+sordina_piombo,grave,172,150,22,1252,1019,233,0.887,/u/
Bass_Clarinet_Bb,médium,Contrabass+sordina,grave,183,161,22,1270,1149,121,0.884,/u/
Bass_Clarinet_Bb,médium,Contrabass+sordina,médium,183,161,22,1270,1205,65,0.884,/u/
Clarinet_Bb,chalumeau,Harp,médium,215,193,22,1315,1053,262,0.881,/u/
Clarinet_Bb,chalumeau,Contrabass_Ensemble,aigu,215,193,22,1315,1214,101,0.881,/u/
Contrabass_Tuba,grave,Violoncello,grave,215,193,22,935,1149,214,0.879,/u/
Contrabass_Tuba,grave,Violoncello,médium,215,193,22,935,1202,267,0.879,/u/
Contrabass_Tuba,médium,Violoncello,grave,215,193,22,964,1149,185,0.879,/u/
Contrabass_Tuba,médium,Violoncello,médium,215,193,22,964,1202,238,0.879,/u/
Trombone,pédale,Trumpet_C+sordina_wah,grave,753,775,22,996,1116,120,0.878,/a/
Contrabass_Flute,médium,Violin+sordina,médium,333,355,22,1128,1175,47,0.877,/o/
Bass_Clarinet_Bb,médium,Contrabass_Ensemble,grave,183,161,22,1270,1120,150,0.877,/u/
Contrabass+sordina,grave,Trombone+sordina_harmon,médium,161,183,22,1149,1075,74,0.876,/u/
Contrabass+sordina,médium,Trombone+sordina_harmon,médium,161,183,22,1205,1075,130,0.876,/u/
Contrabass+sordina,aigu,Trombone+sordina_harmon,grave,172,150,22,1256,1072,184,0.876,/u/
Horn+sordina,médium,Viola_Ensemble+sordina,médium,312,290,22,1161,1261,100,0.875,/o/
Bass_Tuba,grave,Violoncello,grave,215,193,22,978,1149,171,0.873,/u/
Bass_Tuba,grave,Violoncello,médium,215,193,22,978,1202,224,0.873,/u/
Bass_Clarinet_Bb,médium,Contrabass,grave,183,161,22,1270,1207,63,0.871,/u/
Bass_Clarinet_Bb,médium,Contrabass,médium,183,161,22,1270,1205,65,0.871,/u/
Contrabass_Ensemble,grave,Trombone+sordina_harmon,médium,161,183,22,1120,1075,45,0.871,/u/
Contrabass_Ensemble,médium,Trombone+sordina_harmon,grave,172,150,22,1170,1072,98,0.871,/u/
Viola+sordina_piombo,médium,Viola_Ensemble,médium,290,312,22,1247,1339,92,0.866,/o/
Contrabass,grave,Trombone+sordina_harmon,médium,161,183,22,1207,1075,132,0.865,/u/
Contrabass,médium,Trombone+sordina_harmon,médium,161,183,22,1205,1075,130,0.865,/u/
Contrabass,aigu,Trombone+sordina_harmon,grave,172,150,22,1252,1072,180,0.865,/u/
Horn,médium,Violin_Ensemble+sordina,grave,322,344,22,1006,1203,197,0.862,/o/
Horn,médium,Violin_Ensemble+sordina,médium,322,344,22,1006,1140,134,0.862,/o/
Horn,médium,Violin_Ensemble+sordina,aigu,322,344,22,1006,1022,16,0.862,/o/
Horn,médium,Violin_Ensemble+sordina,suraigu,322,344,22,1006,1108,102,0.862,/o/
Contrabass+sordina,aigu,Contrabass_Flute,grave,172,150,22,1256,1109,147,0.860,/u/
Harp,suraigu,Viola_Ensemble+sordina,grave,301,279,22,1231,1214,17,0.858,/o/
Bass_Tuba,suraigu,Clarinet_Bb,gorge,333,355,22,1042,1391,349,0.856,/o/
Trombone,grave,Violin,grave,484,462,22,1007,1208,201,0.855,/å/
Marimba,médium,Violin_Ensemble,médium,322,344,22,1025,1225,200,0.850,/o/
Bass_Trombone,pédale,Bass_Tuba+sordina,médium,495,473,22,1070,1077,7,0.849,/å/
Bass_Trombone,aigu,Bass_Tuba+sordina,aigu,527,549,22,1062,1080,18,0.849,/a/
Contrabass_Ensemble,médium,Contrabass_Flute,grave,172,150,22,1170,1109,61,0.848,/u/
Contrabass,aigu,Contrabass_Flute,grave,172,150,22,1252,1109,143,0.846,/u/
Guitar,suraigu,Trombone+sordina_cup,grave,979,1001,22,979,1003,24,0.846,/e/–/i/
Marimba,médium,Violin+sordina,aigu,322,344,22,1025,1091,66,0.845,/o/
Trumpet_C+sordina_wah,médium,Viola_Ensemble+sordina,médium,312,290,22,1139,1261,122,0.838,/o/
Bass_Tuba,aigu,Viola_Ensemble+sordina,aigu,279,301,22,1016,1244,228,0.836,/o/
Bass_Tuba,aigu,Viola_Ensemble+sordina,suraigu,279,301,22,1016,1061,45,0.836,/o/
Flute,grave,Marimba,médium,344,322,22,1377,1025,352,0.828,/o/
Bass_Flute,médium,Viola+sordina_piombo,médium,312,290,22,1132,1247,115,0.826,/o/
Horn,médium,Violin_Ensemble,médium,322,344,22,1006,1225,219,0.824,/o/
Violin_Ensemble,grave,Violoncello_Ensemble,suraigu,484,462,22,1295,1224,71,0.819,/å/
Trombone,grave,Trumpet_C,aigu,484,462,22,1007,1261,254,0.817,/å/
Horn,médium,Violin+sordina,aigu,322,344,22,1006,1091,85,0.814,/o/
Flute,grave,Horn,médium,344,322,22,1377,1006,371,0.813,/o/
Trombone+sordina_wah,médium,Violin,aigu,592,570,22,1082,1221,139,0.809,/a/
Sax_Alto,grave,Viola+sordina,grave,355,333,22,1250,1141,109,0.794,/o/
Trombone+sordina_straight,grave,Violin,suraigu,538,516,22,969,1230,261,0.793,/a/
Trombone+sordina_straight,médium,Violin,aigu,592,570,22,979,1221,242,0.793,/a/
Horn,aigu,Violin,grave,484,462,22,1014,1208,194,0.791,/å/
Bassoon,grave,Violin_Ensemble,grave,506,484,22,1127,1295,168,0.789,/å/
Contrabass_Flute,médium,Sax_Alto,grave,333,355,22,1128,1250,122,0.781,/o/
Contrabass_Clarinet_Bb,aigu,English_Horn,grave,1270,1248,22,1437,1260,177,0.779,/e/–/i/
Bass_Tuba,suraigu,Viola_Ensemble,grave,333,355,22,1042,1304,262,0.773,/o/
Bass_Tuba+sordina,grave,Violin_Ensemble,grave,462,484,22,1060,1295,235,0.768,/å/
Horn+sordina,grave,Violin_Ensemble+sordina,grave,322,344,22,1099,1203,104,0.765,/o/
Horn+sordina,grave,Violin_Ensemble+sordina,médium,322,344,22,1099,1140,41,0.765,/o/
Horn+sordina,grave,Violin_Ensemble+sordina,aigu,322,344,22,1099,1022,77,0.765,/o/
Horn+sordina,grave,Violin_Ensemble+sordina,suraigu,322,344,22,1099,1108,9,0.765,/o/
Viola+sordina_piombo,aigu,Violoncello_Ensemble+sordina,aigu,204,226,22,1126,1244,118,0.761,/u/
Bassoon+sordina,bas_médium,Violin_Ensemble,grave,506,484,22,1141,1295,154,0.761,/å/
Bassoon+sordina,haut_médium,Violin_Ensemble,aigu,559,581,22,1089,1237,148,0.761,/a/
Bassoon,haut_médium,Violin,aigu,592,570,22,1175,1221,46,0.758,/a/
Bass_Trombone,pédale,Trumpet_C+sordina_straight,aigu,495,473,22,1070,1361,291,0.753,/å/
Horn,aigu,Trumpet_C,aigu,484,462,22,1014,1261,247,0.747,/å/
Harp,aigu,Violin_Ensemble+sordina,grave,322,344,22,987,1203,216,0.744,/o/
Harp,aigu,Violin_Ensemble+sordina,médium,322,344,22,987,1140,153,0.744,/o/
Harp,aigu,Violin_Ensemble+sordina,aigu,322,344,22,987,1022,35,0.744,/o/
Harp,aigu,Violin_Ensemble+sordina,suraigu,322,344,22,987,1108,121,0.744,/o/
Vibraphone,grave,Viola+sordina_piombo,médium,312,290,22,1130,1247,117,0.742,/o/
Bass_Tuba,suraigu,Viola,suraigu,333,355,22,1042,1090,48,0.737,/o/
Trumpet_C+sordina_harmon,aigu,Violin_Ensemble,grave,462,484,22,1259,1295,36,0.734,/å/
Bassoon+sordina,grave,Violin,grave,484,462,22,1047,1208,161,0.730,/å/
Horn+sordina,grave,Violin_Ensemble,médium,322,344,22,1099,1225,126,0.723,/o/
Horn+sordina,grave,Violin+sordina,aigu,322,344,22,1099,1091,8,0.716,/o/
Flute,grave,Horn+sordina,grave,344,322,22,1377,1099,278,0.711,/o/
Harp,aigu,Violin_Ensemble,médium,322,344,22,987,1225,238,0.705,/o/
Contrebasson,grave,Viola+sordina_piombo,aigu,226,204,22,1101,1126,25,0.702,/u/
Contrebasson,médium,Viola+sordina_piombo,aigu,226,204,22,1078,1126,48,0.702,/u/
Contrebasson,aigu,Viola+sordina_piombo,aigu,226,204,22,1127,1126,1,0.702,/u/
Harp,aigu,Violin+sordina,aigu,322,344,22,987,1091,104,0.701,/o/
Flute,grave,Harp,aigu,344,322,22,1377,987,390,0.696,/o/
Horn+sordina,aigu,Violin,suraigu,538,516,22,1240,1230,10,0.689,/a/
Contrabass_Tuba,aigu,Violin+sordina,suraigu,398,376,22,999,1012,13,0.688,/o/
Bassoon+sordina,grave,Trumpet_C,aigu,484,462,22,1047,1261,214,0.686,/å/
Bass_Tuba,suraigu,Violin+sordina,médium,333,355,22,1042,1175,133,0.675,/o/
Horn+sordina,médium,Viola+sordina_piombo,médium,312,290,22,1161,1247,86,0.672,/o/
Clarinet_Bb,clarine,Trumpet_C+sordina_straight,médium,1464,1442,22,1426,1428,2,0.663,/e/–/i/
Trumpet_C+sordina_harmon,médium,Viola_Ensemble+sordina,grave,301,279,22,1353,1214,139,0.613,/o/
Trombone,grave,Trumpet_C+sordina_harmon,aigu,484,462,22,1007,1259,252,0.604,/å/
Trumpet_C+sordina_harmon,grave,Violoncello+sordina_piombo,médium,183,161,22,1287,1087,200,0.580,/u/
Marimba,grave,Trumpet_C+sordina_harmon,grave,161,183,22,1111,1287,176,0.572,/u/
Bass_Tuba,suraigu,Sax_Alto,grave,333,355,22,1042,1250,208,0.547,/o/
Horn,aigu,Trumpet_C+sordina_harmon,aigu,484,462,22,1014,1259,245,0.533,/å/
Bassoon+sordina,grave,Trumpet_C+sordina_harmon,aigu,484,462,22,1047,1259,212,0.468,/å/
Contrabass+sordina,grave,Trumpet_C+sordina_harmon,grave,161,183,22,1149,1287,138,0.461,/u/
Contrabass+sordina,médium,Trumpet_C+sordina_harmon,grave,161,183,22,1205,1287,82,0.461,/u/
Contrabass,grave,Trumpet_C+sordina_harmon,grave,161,183,22,1207,1287,80,0.444,/u/
Contrabass,médium,Trumpet_C+sordina_harmon,grave,161,183,22,1205,1287,82,0.444,/u/
Contrabass_Ensemble,grave,Trumpet_C+sordina_harmon,grave,161,183,22,1120,1287,167,0.435,/u/
Bass_Tuba,aigu,Trumpet_C+sordina_harmon,médium,279,301,22,1016,1353,337,0.387,/o/
